listing_id,title,company,location,rating,pay_low,pay_median,pay_high,pay_currency,easy_apply,industry,company_size,job_source,description,link
1010062145382,Software Developer (f/m/x) in Artificial Intelligence (AI),Henn GmbH,Berlin,,,,,EUR,False,,,,,"https://www.glassdoor.de/job-listing/software-developer-fmx-in-artificial-intelligence-ai-henn-architekten-JV_IC2622109_KO0,52_KE53,69.htm?jl=1010062145382"
1009430817332,(Junior) Consultant Data Science and Artificial Intelligence (m/w/d),BearingPoint Germany,Berlin,,,,,EUR,False,,,,,"https://www.glassdoor.de/job-listing/junior-consultant-data-science-and-artificial-intelligence-mwd-bearingpoint-JV_IC2622109_KO0,62_KE63,75.htm?jl=1009430817332"
1009940181554,Trainee Cloud & Data - Dein Einstieg in Artificial Intelligence & Data (m/w/d),Deloitte,Berlin,,,,,EUR,False,,,,,"https://www.glassdoor.de/job-listing/trainee-cloud-data-dein-einstieg-in-artificial-intelligence-data-mwd-deloitte-JV_IC2622109_KO0,68_KE69,77.htm?jl=1009940181554"
1010080332118,"FREIBERUFLICHE DOZIERENDE VOR ORT IM BEREICH ARTIFICIAL INTELLIGENCE UND DATA ENGINEERING (BACHELOR UND MASTER), STANDORT BERLIN",Mediadesign Hochschule für Design und Informatik,Berlin,,,,,EUR,False,,,,,"https://www.glassdoor.de/job-listing/freiberufliche-dozierende-vor-ort-im-bereich-artificial-intelligence-und-data-engineering-bachelor-und-master-standort-berlin-mediadesign-hochschule-für-design-und-informatik-JV_IC2622109_KO0,125_KE126,174.htm?jl=1010080332118"
1010012484024,Werkstudent Artificial Intelligence (Fokus Generative KI & Management Consulting ) / Banking (all genders),msg systems ag,Deutschland,,,,,EUR,False,,,,,"https://www.glassdoor.de/job-listing/werkstudent-artificial-intelligence-fokus-generative-ki-management-consulting-banking-all-genders-msg-global-solutions-JV_KO0,97_KE98,118.htm?jl=1010012484024"
1010083039636,Associate Consultant (Germany) - Entry-Level Technology Consulting (Life Sciences),Veeva Systems,Berlin,,,,,EUR,False,,,,,"https://www.glassdoor.de/job-listing/associate-consultant-germany-entry-level-technology-consulting-life-sciences-veeva-systems-JV_IC2622109_KO0,76_KE77,90.htm?jl=1010083039636"
1010076006286,Business Intelligence & AI Specialist (m/w/d),KENFO,Berlin,,,,,EUR,False,,,,,"https://www.glassdoor.de/job-listing/business-intelligence-ai-specialist-mwd-kenfo-JV_IC2622109_KO0,39_KE40,45.htm?jl=1010076006286"
1010074508114,AI/ML Intern (Project-Based ),YOONA Ventures GmbH,Berlin,,,,,EUR,False,,,,,"https://www.glassdoor.de/job-listing/ai-ml-intern-project-based-yoona-ventures-JV_IC2622109_KO0,26_KE27,41.htm?jl=1010074508114"
1010043319991,Platform Engineer (m/f/d) (AI Startup),Deltia,Deutschland,,,,,EUR,False,,,,,"https://www.glassdoor.de/job-listing/platform-engineer-mfd-ai-startup-deltia-JV_KO0,32_KE33,39.htm?jl=1010043319991"
1010083040678,Associate Technical Consultant (Germany) - Entry-Level Consulting (Life Sciences),Veeva Systems,Berlin,,,,,EUR,False,,,,,"https://www.glassdoor.de/job-listing/associate-technical-consultant-germany-entry-level-consulting-life-sciences-veeva-systems-JV_IC2622109_KO0,75_KE76,89.htm?jl=1010083040678"
1009940178458,Consultant Business Intelligence - Dein Einstieg in AI Insights (m/w/d),Deloitte,Berlin,,,,,EUR,False,,,,,"https://www.glassdoor.de/job-listing/consultant-business-intelligence-dein-einstieg-in-ai-insights-mwd-deloitte-JV_IC2622109_KO0,65_KE66,74.htm?jl=1009940178458"
1010002814222,Product Owner,Deltia,Berlin,,,,,EUR,False,,,,,"https://www.glassdoor.de/job-listing/product-owner-deltia-JV_IC2622109_KO0,13_KE14,20.htm?jl=1010002814222"
1010072706166,Information Security Analyst,PPRO,Berlin,,,,,EUR,False,,,,,"https://www.glassdoor.de/job-listing/information-security-analyst-ppro-JV_IC2622109_KO0,28_KE29,33.htm?jl=1010072706166"
1009940179641,Databricks Masterclass - Dein Einstieg als Consultant AI & Data (m/w/d),Deloitte,Berlin,,,,,EUR,False,,,,,"https://www.glassdoor.de/job-listing/databricks-masterclass-dein-einstieg-als-consultant-ai-data-mwd-deloitte-JV_IC2622109_KO0,63_KE64,72.htm?jl=1009940179641"
1010053270549,"Research Engineer, Evaluations, Applied AI",LILT,Deutschland,,,,,EUR,False,,,,,"https://www.glassdoor.de/job-listing/research-engineer-evaluations-applied-ai-lilt-JV_KO0,40_KE41,45.htm?jl=1010053270549"
1010074508119,AI Working Student (Werkstudent) (Project-Based ),YOONA Ventures GmbH,Berlin,,,,,EUR,False,,,,,"https://www.glassdoor.de/job-listing/ai-working-student-werkstudent-project-based-yoona-ventures-JV_IC2622109_KO0,44_KE45,59.htm?jl=1010074508119"
1009692156609,SOFTWARE QUALITY ASSURANCE TESTER,SOFHA GmbH,Berlin,,,,,EUR,False,,,,,"https://www.glassdoor.de/job-listing/software-quality-assurance-tester-sofha-JV_IC2622109_KO0,33_KE34,39.htm?jl=1009692156609"
1010082520006,"Software Engineer, iOS Core Product",Speechify,Berlin,,,,,EUR,False,,,,,"https://www.glassdoor.de/job-listing/software-engineer-ios-core-product-speechify-JV_IC2622109_KO0,34_KE35,44.htm?jl=1010082520006"
1010039385195,IT Service Desk,SOFHA GmbH,Berlin,,,,,EUR,False,,,,,"https://www.glassdoor.de/job-listing/it-service-desk-sofha-JV_IC2622109_KO0,15_KE16,21.htm?jl=1010039385195"
1010102967712,Staff Applied AI Engineer,Deriv,Berlin,,,,,EUR,False,,,,,"https://www.glassdoor.de/job-listing/staff-applied-ai-engineer-deriv-com-JV_IC2622109_KO0,25_KE26,35.htm?jl=1010102967712"
1009966282566,Principal Technical Program Manager,Zendesk,Berlin,,,,,EUR,False,,,,,"https://www.glassdoor.de/job-listing/principal-technical-program-manager-zendesk-JV_IC2622109_KO0,35_KE36,43.htm?jl=1009966282566"
1009992087684,(Senior) Machine Learning Engineer,FREENOW,Berlin,,,,,EUR,False,,,,,"https://www.glassdoor.de/job-listing/senior-machine-learning-engineer-freenow-JV_IC2622109_KO0,32_KE33,40.htm?jl=1009992087684"
1010123032816,Senior Machine Learning Engineer,Index Exchange,Deutschland,,,,,EUR,False,,,,,"https://www.glassdoor.de/job-listing/senior-machine-learning-engineer-index-exchange-JV_KO0,32_KE33,47.htm?jl=1010123032816"
1010052949547,PhD student position (f/m/d) K 10/26,Leibniz-Institut für Kristallzüchtung (IKZ) im Forschungsverbund Berlin e.V.,Deutschland,,,,,EUR,False,,,,,"https://www.glassdoor.de/job-listing/phd-student-position-fmdk-10-26-leibniz-institut-für-kristallzüchtung-ikz-im-forschungsverbund-berlin-ev-JV_KO0,31_KE32,104.htm?jl=1010052949547"
1009962610179,Principal Voice AI Engineer,Zendesk,Berlin,,,,,EUR,False,,,,,"https://www.glassdoor.de/job-listing/principal-voice-ai-engineer-zendesk-JV_IC2622109_KO0,27_KE28,35.htm?jl=1009962610179"
1008251447104,Q-CTRL Talent Community,Q-CTRL,Berlin,,,,,EUR,False,,,,,"https://www.glassdoor.de/job-listing/q-ctrl-talent-community-q-ctrl-JV_IC2622109_KO0,23_KE24,30.htm?jl=1008251447104"
1010071873219,Clinical Development Feasibility Expert - FSP - Remote,Parexel,Deutschland,,,,,EUR,False,,,,,"https://www.glassdoor.de/job-listing/clinical-development-feasibility-expert-fsp-remote-parexel-JV_KO0,50_KE51,58.htm?jl=1010071873219"
1009692156606,WEB DEVELOPER – JavaScript / Angular,SOFHA GmbH,Berlin,,,,,EUR,False,,,,,"https://www.glassdoor.de/job-listing/web-developer-javascript-angular-sofha-JV_IC2622109_KO0,32_KE33,38.htm?jl=1009692156606"
1009734669459,Senior Computer Vision Engineer (m/f/d),Deltia,Berlin,,,,,EUR,False,,,,,"https://www.glassdoor.de/job-listing/senior-computer-vision-engineer-mfd-deltia-JV_IC2622109_KO0,35_KE36,42.htm?jl=1009734669459"
1009974009154,VLM Research Engineer (m/f/d),Deltia,Berlin,,,,,EUR,False,,,,,"https://www.glassdoor.de/job-listing/vlm-research-engineer-mfd-deltia-JV_IC2622109_KO0,25_KE26,32.htm?jl=1009974009154"
1009854652649,Senior Artificial Intelligence/Machine Learning Engineer (w/m/d),KA Resources,Berlin,,,,,EUR,True,,,,,"https://www.glassdoor.de/job-listing/senior-artificial-intelligence-machine-learning-engineer-wmd-ka-resources-JV_IC2622109_KO0,60_KE61,73.htm?jl=1009854652649"
1009793834152,Tech Lead iOS Development (m/w/d),Magnosco GmbH,Berlin,,,,,EUR,False,,,,,"https://www.glassdoor.de/job-listing/tech-lead-ios-development-mwd-magnosco-JV_IC2622109_KO0,29_KE30,38.htm?jl=1009793834152"
1010122924244,Consultant AI & Data Engineering (m/w/d),Deloitte,Deutschland,,,,,EUR,False,,,,,"https://www.glassdoor.de/job-listing/consultant-ai-data-engineering-mwd-deloitte-JV_KO0,34_KE35,43.htm?jl=1010122924244"
1010000864070,Consultant AI & Data Analytics / Data Science (m/w/d),Deloitte GmbH,Berlin,,,,,EUR,False,,,,,"https://www.glassdoor.de/job-listing/consultant-ai-data-analytics-data-science-mwd-deloitte-JV_IC2622109_KO0,45_KE46,54.htm?jl=1010000864070"
1010126423882,Senior ML Research Engineer – AI & Generative Recommendation (m/f/d),AppLike GmbH,Berlin,,,,,EUR,False,,,,,"https://www.glassdoor.de/job-listing/senior-ml-research-engineer-ai-generative-recommendation-mfd-applike-group-JV_IC2622109_KO0,60_KE61,74.htm?jl=1010126423882"
1010057367548,Senior AI Solution Architect / AI Strategy Consultant (m/w/d),PTA GmbH,Deutschland,,,,,EUR,False,,,,,"https://www.glassdoor.de/job-listing/senior-ai-solution-architect-ai-strategy-consultant-mwd-process-technology-application-JV_KO0,55_KE56,86.htm?jl=1010057367548"
1010123616009,Senior Project Manager - AIR·MS/D2E (f/m/x),D4L data4life gGmbH,Deutschland,,,,,EUR,False,,,,,"https://www.glassdoor.de/job-listing/senior-project-manager-air-ms-d2e-fmx-data4life-JV_KO0,37_KE38,47.htm?jl=1010123616009"
1010016581615,"Team Lead Java Engineer, Remarketing (f/m/x)",AUTO1 Group,Berlin,,,,,EUR,False,,,,,"https://www.glassdoor.de/job-listing/team-lead-java-engineer-remarketing-fmx-auto1-group-JV_IC2622109_KO0,39_KE40,51.htm?jl=1010016581615"
1010087332363,"Senior Consultant in research, analysis and evaluation - Gender equality",ICF,Berlin,,,,,EUR,False,,,,,"https://www.glassdoor.de/job-listing/senior-consultant-in-research-analysis-and-evaluation-gender-equality-icf-JV_IC2622109_KO0,69_KE70,73.htm?jl=1010087332363"
1010012530597,Principal AI Developer Technology Engineer,NVIDIA,Berlin,,,,,EUR,False,,,,,"https://www.glassdoor.de/job-listing/principal-ai-developer-technology-engineer-nvidia-JV_IC2622109_KO0,42_KE43,49.htm?jl=1010012530597"
1010100310569,AI Consultant Engineer (all genders),NFON,Berlin,,,,,EUR,False,,,,,"https://www.glassdoor.de/job-listing/ai-consultant-engineer-all-genders-nfon-JV_IC2622109_KO0,34_KE35,39.htm?jl=1010100310569"
1009297773396,Speculative Application (m/f/d),Quantistry GmbH,Berlin,,,,,EUR,True,,,,,"https://www.glassdoor.de/job-listing/speculative-application-mfd-quantistry-JV_IC2622109_KO0,27_KE28,38.htm?jl=1009297773396"
1010055062275,Vice President Engineering,PPRO,Deutschland,,,,,EUR,False,,,,,"https://www.glassdoor.de/job-listing/vice-president-engineering-ppro-JV_KO0,26_KE27,31.htm?jl=1010055062275"
1010116971748,Staff Engineer - Boarding Domain,PPRO,Deutschland,,,,,EUR,False,,,,,"https://www.glassdoor.de/job-listing/staff-engineer-boarding-domain-ppro-JV_KO0,30_KE31,35.htm?jl=1010116971748"
1010107907503,Senior Applied AI and Data Scientist (f/m/d) - SAP Knowledge Graph,SAP,Berlin,,,,,EUR,False,,,,,"https://www.glassdoor.de/job-listing/senior-applied-ai-and-data-scientist-fmd-sap-knowledge-graph-sap-JV_IC2622109_KO0,60_KE61,64.htm?jl=1010107907503"
1010039385194,IT Administrator – Linux Servers and Jira Cloud,SOFHA GmbH,Berlin,,,,,EUR,False,,,,,"https://www.glassdoor.de/job-listing/it-administrator-linux-servers-and-jira-cloud-sofha-JV_IC2622109_KO0,45_KE46,51.htm?jl=1010039385194"
1010000865793,Senior Consultant Gen AI / Generative KI (m/w/d),Deloitte Consulting GmbH,Berlin,,,,,EUR,False,,,,,"https://www.glassdoor.de/job-listing/senior-consultant-gen-ai-generative-ki-mwd-deloitte-JV_IC2622109_KO0,42_KE43,51.htm?jl=1010000865793"
1010050164771,AI Automation Engineer,Cosuno,Deutschland,,,,,EUR,True,,,,,"https://www.glassdoor.de/job-listing/ai-automation-engineer-cosuno-ventures-JV_KO0,22_KE23,38.htm?jl=1010050164771"
1009872619100,Manager Business Intelligence & AI (m/w/d),Deloitte Consulting GmbH,Berlin,,,,,EUR,False,,,,,"https://www.glassdoor.de/job-listing/manager-business-intelligence-ai-mwd-deloitte-JV_IC2622109_KO0,36_KE37,45.htm?jl=1009872619100"
1009835120776,Koordinator Service- und Betriebsmanagement (m/w/d) - Großraum Berlin,NTT DATA,Berlin,,,,,EUR,False,,,,,"https://www.glassdoor.de/job-listing/koordinator-service-und-betriebsmanagement-mwd-großraum-berlin-ntt-data-JV_IC2622109_KO0,62_KE63,71.htm?jl=1009835120776"
1009934725352,Manufacturing Data Analyst,Deltia,Berlin,,,,,EUR,False,,,,,"https://www.glassdoor.de/job-listing/manufacturing-data-analyst-deltia-JV_IC2622109_KO0,26_KE27,33.htm?jl=1009934725352"
1010007100493,Senior Product Manager - Transaction Processing,PPRO,Berlin,,,,,EUR,False,,,,,"https://www.glassdoor.de/job-listing/senior-product-manager-transaction-processing-ppro-JV_IC2622109_KO0,45_KE46,50.htm?jl=1010007100493"
1010045083492,Infrastructure Engineer II,PPRO,Berlin,,,,,EUR,False,,,,,"https://www.glassdoor.de/job-listing/infrastructure-engineer-ii-ppro-JV_IC2622109_KO0,26_KE27,31.htm?jl=1010045083492"
1009934729177,Senior Backend Engineer (m/f/d),Deltia,Berlin,,,,,EUR,False,,,,,"https://www.glassdoor.de/job-listing/senior-backend-engineer-mfd-deltia-JV_IC2622109_KO0,27_KE28,34.htm?jl=1009934729177"
1009940179283,Manager AI & Data Analytics / Data Science (m/w/d),Deloitte,Berlin,,,,,EUR,False,,,,,"https://www.glassdoor.de/job-listing/manager-ai-data-analytics-data-science-mwd-deloitte-JV_IC2622109_KO0,42_KE43,51.htm?jl=1009940179283"
1009987688229,Junior AI Engineer,Lovehoney Group,Berlin,,,,,EUR,True,,,,,"https://www.glassdoor.de/job-listing/junior-ai-engineer-lovehoney-group-JV_IC2622109_KO0,18_KE19,34.htm?jl=1009987688229"
1010082520003,"Software Engineer, Platform",Speechify,Berlin,,,,,EUR,False,,,,,"https://www.glassdoor.de/job-listing/software-engineer-platform-speechify-JV_IC2622109_KO0,26_KE27,36.htm?jl=1010082520003"
1009100803399,SENIOR PRODUKT DESIGNER (m/w/d),sprylab technologies,Berlin,,,,,EUR,False,,,,,"https://www.glassdoor.de/job-listing/senior-produkt-designer-mwd-sprylab-technologies-JV_IC2622109_KO0,27_KE28,48.htm?jl=1009100803399"
1010094373825,Product Owner (m/f/d) – B2B SaaS | Berlin (hybrid),Packmatic GmbH,Berlin,,,,,EUR,True,,,,,"https://www.glassdoor.de/job-listing/product-owner-mfd-b2b-saas-berlin-hybrid-packmatic-JV_IC2622109_KO0,40_KE41,50.htm?jl=1010094373825"
1010105645183,"Senior Software Engineer, Core Experiences",Speechify,Berlin,,,,,EUR,False,,,,,"https://www.glassdoor.de/job-listing/senior-software-engineer-core-experiences-speechify-JV_IC2622109_KO0,41_KE42,51.htm?jl=1010105645183"
1010126690461,Lead AI Engineer (w/m/d) IT-Consulting,MaibornWolff GmbH,Deutschland,,,,,EUR,True,,,,,"https://www.glassdoor.de/job-listing/lead-ai-engineer-wmd-it-consulting-maibornwolff-JV_KO0,34_KE35,47.htm?jl=1010126690461"
1009823066848,SOFTWARE DEVELOPER FOR LINUX,SOFHA GmbH,Berlin,,,,,EUR,False,,,,,"https://www.glassdoor.de/job-listing/software-developer-for-linux-sofha-JV_IC2622109_KO0,28_KE29,34.htm?jl=1009823066848"
1009968517661,"Founding ML Engineer in the Flower Frontier Model Team (all seniority levels welcome) [Germany, UK, Global]",Flower Labs GmbH,Berlin,,,,,EUR,True,,,,,"https://www.glassdoor.de/job-listing/founding-ml-engineer-in-the-flower-frontier-model-team-all-seniority-levels-welcome-germany-uk-global-flower-labs-gmbh-JV_KO0,101_KE102,118.htm?jl=1009968517661"
1010068746199,Machine Learning Scientist,Nucs AI,Berlin,,,,,EUR,True,,,,,"https://www.glassdoor.de/job-listing/machine-learning-scientist-nucs-ai-JV_IC2622109_KO0,26_KE27,34.htm?jl=1010068746199"
1010094372199,Senior Software Engineer - Risk,PPRO,Berlin,,,,,EUR,False,,,,,"https://www.glassdoor.de/job-listing/senior-software-engineer-risk-ppro-JV_IC2622109_KO0,29_KE30,34.htm?jl=1010094372199"
1010100078123,AI Capability and Technical Lead (f/m/d),Agora Think Tanks gGmbH,Berlin,,,,,EUR,True,,,,,"https://www.glassdoor.de/job-listing/ai-capability-and-technical-lead-fmd-agora-think-tanks-ggmbh-JV_IC2622109_KO0,36_KE37,60.htm?jl=1010100078123"
1009940179140,Manager Data Architecture & Analytics (m/w/d),Deloitte,Berlin,,,,,EUR,False,,,,,"https://www.glassdoor.de/job-listing/manager-data-architecture-analytics-mwd-deloitte-JV_IC2622109_KO0,39_KE40,48.htm?jl=1009940179140"
1009742074619,Physical Security Delivery TPM (EMEA),Redcloud Consulting,Berlin,,,,,EUR,False,,,,,"https://www.glassdoor.de/job-listing/physical-security-delivery-tpm-emea-redcloud-consulting-JV_IC2622109_KO0,35_KE36,55.htm?jl=1009742074619"
1010051515987,Senior Software Engineer,Zeta Global,Deutschland,,,,,EUR,False,,,,,"https://www.glassdoor.de/job-listing/senior-software-engineer-zeta-global-JV_KO0,24_KE25,36.htm?jl=1010051515987"
1010128105998,"Principal Forward Deployment Engineer - QuantumBlack, AI by McKinsey",McKinsey & Company,Deutschland,,,,,EUR,False,,,,,"https://www.glassdoor.de/job-listing/principal-forward-deployment-engineer-quantumblack-ai-by-mckinsey-mckinsey-company-JV_KO0,65_KE66,82.htm?jl=1010128105998"
1009955319200,Forward Deployed Engineer,Aircall,Berlin,,,,,EUR,False,,,,,"https://www.glassdoor.de/job-listing/forward-deployed-engineer-aircall-JV_IC2622109_KO0,25_KE26,33.htm?jl=1009955319200"
1009407640274,Robotics Engineer,Sensmore,Berlin,,,,,EUR,True,,,,,"https://www.glassdoor.de/job-listing/robotics-engineer-sensmore-JV_IC2622109_KO0,17_KE18,26.htm?jl=1009407640274"
1009730451812,SOFTWARE QUALITY ASSURANCE – TEST AUTOMATION LEAD,SOFHA GmbH,Berlin,,,,,EUR,False,,,,,"https://www.glassdoor.de/job-listing/software-quality-assurance-test-automation-lead-sofha-JV_IC2622109_KO0,47_KE48,53.htm?jl=1009730451812"
1010126625837,"Senior Forward Deployment Engineer - QuantumBlack, AI by McKinsey",McKinsey & Company,Deutschland,,,,,EUR,False,,,,,"https://www.glassdoor.de/job-listing/senior-forward-deployment-engineer-quantumblack-ai-by-mckinsey-mckinsey-company-JV_KO0,62_KE63,79.htm?jl=1010126625837"
1010099315169,Senior Product Designer,Cosuno,Berlin,,,,,EUR,True,,,,,"https://www.glassdoor.de/job-listing/senior-product-designer-cosuno-ventures-JV_IC2622109_KO0,23_KE24,39.htm?jl=1010099315169"
1009965281731,Senior Software Engineer - Local payments,PPRO,Berlin,,,,,EUR,False,,,,,"https://www.glassdoor.de/job-listing/senior-software-engineer-local-payments-ppro-JV_IC2622109_KO0,39_KE40,44.htm?jl=1009965281731"
1009449304683,Praktikant Data Science / Data Engineering im Bereich Risk Advisory Services,BRL Risk Consulting GmbH & Co. KG,Berlin,,,,,EUR,True,,,,,"https://www.glassdoor.de/job-listing/praktikant-data-science-data-engineering-im-bereich-risk-advisory-services-brl-boege-rohde-luebbehuesen-JV_IC2622109_KO0,74_KE75,103.htm?jl=1009449304683"
1010054495256,Staff / Senior Software Engineer - Machine Learning (m/f/d),Axel Springer National Media & Tech GmbH & Co. KG,Berlin,,,,,EUR,True,,,,,"https://www.glassdoor.de/job-listing/staff-senior-software-engineer-machine-learning-mfd-axel-springer-JV_IC2622109_KO0,51_KE52,65.htm?jl=1010054495256"
1010023867111,Product Manager - Quest Platform,Xsolla,Berlin,,,,,EUR,True,,,,,"https://www.glassdoor.de/job-listing/product-manager-quest-platform-xsolla-JV_IC2622109_KO0,30_KE31,37.htm?jl=1010023867111"
1009974149949,Werkstudent Data Governance (m/w/d),Deloitte,Berlin,,,,,EUR,False,,,,,"https://www.glassdoor.de/job-listing/werkstudent-data-governance-mwd-deloitte-JV_IC2622109_KO0,31_KE32,40.htm?jl=1009974149949"
1010052601024,Fullstack Software Engineer with a Focus on Node.js (m/f/d),Axel Springer National Media & Tech GmbH & Co. KG,Deutschland,,,,,EUR,True,,,,,"https://www.glassdoor.de/job-listing/fullstack-software-engineer-with-a-focus-on-node-js-mfd-axel-springer-JV_KO0,55_KE56,69.htm?jl=1010052601024"
1010126203971,Senior Consultant (w/m/d) Business Data Cloud & Insights - Planning Fokus,SAP,Deutschland,,,,,EUR,False,,,,,"https://www.glassdoor.de/job-listing/senior-consultant-wmd-business-data-cloud-insights-planning-fokus-sap-JV_KO0,65_KE66,69.htm?jl=1010126203971"
1010000866727,Manager AI & Data Engineering (m/w/d),Deloitte Consulting GmbH,Berlin,,,,,EUR,False,,,,,"https://www.glassdoor.de/job-listing/manager-ai-data-engineering-mwd-deloitte-JV_IC2622109_KO0,31_KE32,40.htm?jl=1010000866727"
1010000865709,Manager Data Management Strategy (m/w/d),Deloitte Consulting GmbH,Berlin,,,,,EUR,False,,,,,"https://www.glassdoor.de/job-listing/manager-data-management-strategy-mwd-deloitte-JV_IC2622109_KO0,36_KE37,45.htm?jl=1010000865709"
1007188187917,"Senior Consultant - Cyber Security Technology, Transformation & Defense (w/m/d)",KPMG,Berlin,,,,,EUR,False,,,,,"https://www.glassdoor.de/job-listing/senior-consultant-cyber-security-technology-transformation-defense-wmd-kpmg-JV_IC2622109_KO0,70_KE71,75.htm?jl=1007188187917"
1010046448692,Product Manager (Berlin),Legartis Technology AG,Berlin,,,,,EUR,True,,,,,"https://www.glassdoor.de/job-listing/product-manager-berlin-legartis-JV_IC2622109_KO0,22_KE23,31.htm?jl=1010046448692"
1010044104240,Client Architect Automotive (Volkswagen),Salesforce,Berlin,,,,,EUR,False,,,,,"https://www.glassdoor.de/job-listing/client-architect-automotive-volkswagen-salesforce-JV_IC2622109_KO0,38_KE39,49.htm?jl=1010044104240"
1009752292035,(Senior) Developer - Fokus Tax Technology (m/w/d),RSM Ebner Stolz Wirtschaftsprüfer Steuerberater Rechtsanwälte Partnerschaft mbB,Berlin,,,,,EUR,False,,,,,"https://www.glassdoor.de/job-listing/senior-developer-fokus-tax-technology-mwd-rsm-ebner-stolz-JV_IC2622109_KO0,41_KE42,57.htm?jl=1009752292035"
1010105557185,"Software Engineer, Data Infrastructure & Acquisition",Speechify,Berlin,,,,,EUR,False,,,,,"https://www.glassdoor.de/job-listing/software-engineer-data-infrastructure-acquisition-speechify-JV_IC2622109_KO0,49_KE50,59.htm?jl=1010105557185"
1009960592584,Senior iOS Developer (m/f/d) WELT News Apps,Axel Springer National Media & Tech GmbH & Co. KG,Berlin,,,,,EUR,True,,,,,"https://www.glassdoor.de/job-listing/senior-ios-developer-mfd-welt-news-apps-axel-springer-JV_IC2622109_KO0,39_KE40,53.htm?jl=1009960592584"
1009940179754,Senior Consultant Cloud Analytics & Data Science (m/w/d),Deloitte,Berlin,,,,,EUR,False,,,,,"https://www.glassdoor.de/job-listing/senior-consultant-cloud-analytics-data-science-mwd-deloitte-JV_IC2622109_KO0,50_KE51,59.htm?jl=1009940179754"
1010065281780,Senior Product Manager,Nucs AI,Deutschland,,,,,EUR,True,,,,,"https://www.glassdoor.de/job-listing/senior-product-manager-nucs-ai-JV_KO0,22_KE23,30.htm?jl=1010065281780"
1010050164774,Senior Full Stack Developer (TypeScript),Cosuno,Berlin,,,,,EUR,True,,,,,"https://www.glassdoor.de/job-listing/senior-full-stack-developer-typescript-cosuno-ventures-JV_IC2622109_KO0,38_KE39,54.htm?jl=1010050164774"
1010104578333,Senior AI Engineer,Cosuno,Berlin,,,,,EUR,True,,,,,"https://www.glassdoor.de/job-listing/senior-ai-engineer-cosuno-ventures-JV_IC2622109_KO0,18_KE19,34.htm?jl=1010104578333"
1009999049816,Product Manager - AI Platform (m/f/x),Scalable GmbH,Berlin,,,,,EUR,True,,,,,"https://www.glassdoor.de/job-listing/product-manager-ai-platform-mfx-scalable-press-JV_IC2622109_KO0,31_KE32,46.htm?jl=1009999049816"
1010050164772,Principal Full Stack Developer (TypeScript),Cosuno,Berlin,,,,,EUR,True,,,,,"https://www.glassdoor.de/job-listing/principal-full-stack-developer-typescript-cosuno-ventures-JV_IC2622109_KO0,41_KE42,57.htm?jl=1010050164772"
1010066234735,Robotics Engineer - AI,Sensmore,Berlin,,,,,EUR,True,,,,,"https://www.glassdoor.de/job-listing/robotics-engineer-ai-sensmore-JV_IC2622109_KO0,20_KE21,29.htm?jl=1010066234735"
1009998994572,Senior Full-Stack Ruby on Rails Developer,GAIA,Berlin,,,,,EUR,False,,,,,"https://www.glassdoor.de/job-listing/senior-full-stack-ruby-on-rails-developer-gaia-JV_IC2622109_KO0,41_KE42,46.htm?jl=1009998994572"
1010082210087,Director of Information Security & Sovereign Operations (f/m/x),LiveEO GmbH,Berlin,,,,,EUR,True,,,,,"https://www.glassdoor.de/job-listing/director-of-information-security-sovereign-operations-fmx-liveeo-gmbh-JV_IC2622109_KO0,57_KE58,69.htm?jl=1010082210087"
1010063525982,PhD student (f/m/d) K 11/26,Leibniz-Institut für Kristallzüchtung,Berlin,,,,,EUR,True,,,,,"https://www.glassdoor.de/job-listing/phd-student-fmdk-11-26-institut-für-kristallzüchtung-JV_IC2622109_KO0,22_KE23,52.htm?jl=1010063525982"
1009940180247,Senior Consultant AI & Data Engineering (m/w/d),Deloitte,Berlin,,,,,EUR,False,,,,,"https://www.glassdoor.de/job-listing/senior-consultant-ai-data-engineering-mwd-deloitte-JV_IC2622109_KO0,41_KE42,50.htm?jl=1009940180247"
1009940180466,Senior Consultant AI & Data Architecture (m/w/d),Deloitte,Berlin,,,,,EUR,False,,,,,"https://www.glassdoor.de/job-listing/senior-consultant-ai-data-architecture-mwd-deloitte-JV_IC2622109_KO0,42_KE43,51.htm?jl=1009940180466"
1010124193088,"Tech Lead, Android Core Product - Berlin, Germany",Speechify,Deutschland,,,,,EUR,False,,,,,"https://www.glassdoor.de/job-listing/tech-lead-android-core-product-berlin-germany-speechify-JV_KO0,45_KE46,55.htm?jl=1010124193088"
1010038038468,Principal AI/ML Scientist & Engineer,Pipedrive,Berlin,,,,,EUR,True,,,,,"https://www.glassdoor.de/job-listing/principal-ai-ml-scientist-engineer-pipedrive-JV_IC2622109_KO0,34_KE35,44.htm?jl=1010038038468"
1009970760861,(Senior) Manager - AI Security (w/m/d),KPMG,Berlin,,,,,EUR,False,,,,,"https://www.glassdoor.de/job-listing/senior-manager-ai-security-wmd-kpmg-JV_IC2622109_KO0,30_KE31,35.htm?jl=1009970760861"
1009799043508,Senior Full‑Stack Engineer (m/f/d),Axel Springer National Media & Tech GmbH & Co. KG,Berlin,,,,,EUR,True,,,,,"https://www.glassdoor.de/job-listing/senior-full-stack-engineer-mfd-axel-springer-JV_IC2622109_KO0,30_KE31,44.htm?jl=1009799043508"
1010032979163,Team Lead (f/m/d) Data Science,PAIR Finance GmbH,Berlin,,,,,EUR,True,,,,,"https://www.glassdoor.de/job-listing/team-lead-fmd-data-science-pair-finance-JV_IC2622109_KO0,26_KE27,39.htm?jl=1010032979163"
1009951130008,Bachelor- und Masterarbeiten sowie Praktikumsplätze,Leibniz-Institut für Kristallzüchtung,Berlin,,,,,EUR,True,,,,,"https://www.glassdoor.de/job-listing/bachelor-und-masterarbeiten-sowie-praktikumsplätze-institut-für-kristallzüchtung-JV_IC2622109_KO0,50_KE51,80.htm?jl=1009951130008"
1010125466092,Bid Management Analyst (all genders),Accenture,Deutschland,,,,,EUR,False,,,,,"https://www.glassdoor.de/job-listing/bid-management-analyst-all-genders-accenture-JV_KO0,34_KE35,44.htm?jl=1010125466092"
1010086556376,Director of R&D Portfolio and Operations Management,Pipedrive,Berlin,,,,,EUR,True,,,,,"https://www.glassdoor.de/job-listing/director-of-rd-portfolio-and-operations-management-pipedrive-JV_IC2622109_KO0,50_KE51,60.htm?jl=1010086556376"
1010016405957,Post-doctoral Researcher (m/f/d),Leibniz-Institut für Kristallzüchtung,Berlin,,,,,EUR,True,,,,,"https://www.glassdoor.de/job-listing/post-doctoral-researcher-mfd-institut-für-kristallzüchtung-JV_IC2622109_KO0,28_KE29,58.htm?jl=1010016405957"
1009923710052,Full Stack AI Engineer,Xsolla,Berlin,,,,,EUR,True,,,,,"https://www.glassdoor.de/job-listing/full-stack-ai-engineer-xsolla-JV_IC2622109_KO0,22_KE23,29.htm?jl=1009923710052"
1010055193766,Analytics Implementation Specialist (fixed-term contract),Lovehoney Group,Berlin,,,,,EUR,True,,,,,"https://www.glassdoor.de/job-listing/analytics-implementation-specialist-fixed-term-contract-lovehoney-group-JV_IC2622109_KO0,55_KE56,71.htm?jl=1010055193766"
1010112099023,Legal Engineer – Product (Berlin/Leipzig),Legartis Technology AG,Berlin,,,,,EUR,True,,,,,"https://www.glassdoor.de/job-listing/legal-engineer-product-berlin-leipzig-legartis-JV_IC2622109_KO0,37_KE38,46.htm?jl=1010112099023"
1009940180344,Senior Consultant Cloud Data Engineering / Azure / GCP (m/w/d),Deloitte,Berlin,,,,,EUR,False,,,,,"https://www.glassdoor.de/job-listing/senior-consultant-cloud-data-engineering-azure-gcp-mwd-deloitte-JV_IC2622109_KO0,54_KE55,63.htm?jl=1009940180344"
1010088213293,Growth Design Director,Pipedrive,Berlin,,,,,EUR,True,,,,,"https://www.glassdoor.de/job-listing/growth-design-director-pipedrive-JV_IC2622109_KO0,22_KE23,32.htm?jl=1010088213293"
1009940180358,Senior Consultant Cloud Data Engineering / Databricks (m/w/d),Deloitte,Berlin,,,,,EUR,False,,,,,"https://www.glassdoor.de/job-listing/senior-consultant-cloud-data-engineering-databricks-mwd-deloitte-JV_IC2622109_KO0,55_KE56,64.htm?jl=1009940180358"
1010111343158,Director of Product Analytics,Pipedrive,Berlin,,,,,EUR,True,,,,,"https://www.glassdoor.de/job-listing/director-of-product-analytics-pipedrive-JV_IC2622109_KO0,29_KE30,39.htm?jl=1010111343158"
1009959722776,Senior Analytics Engineer,Lovehoney Group,Berlin,,,,,EUR,True,,,,,"https://www.glassdoor.de/job-listing/senior-analytics-engineer-lovehoney-group-JV_IC2622109_KO0,25_KE26,41.htm?jl=1009959722776"
1010069038523,Senior Database Administrator,Xsolla,Berlin,,,,,EUR,True,,,,,"https://www.glassdoor.de/job-listing/senior-database-administrator-xsolla-JV_IC2622109_KO0,29_KE30,36.htm?jl=1010069038523"
1009987688228,Senior AI Engineer,Lovehoney Group,Berlin,,,,,EUR,True,,,,,"https://www.glassdoor.de/job-listing/senior-ai-engineer-lovehoney-group-JV_IC2622109_KO0,18_KE19,34.htm?jl=1009987688228"
1010042158301,Principal Product Manager,Pipedrive,Berlin,,,,,EUR,True,,,,,"https://www.glassdoor.de/job-listing/principal-product-manager-pipedrive-JV_IC2622109_KO0,25_KE26,35.htm?jl=1010042158301"
1010082157724,Delivery Manager (Shop Builder),Xsolla,Berlin,,,,,EUR,True,,,,,"https://www.glassdoor.de/job-listing/delivery-manager-shop-builder-xsolla-JV_IC2622109_KO0,29_KE30,36.htm?jl=1010082157724"
1009968517658,"Founding Research Engineer in the Flower Frontier Model Team (all seniority levels welcome) [Germany, UK, Global]",Flower Labs GmbH,Berlin,,,,,EUR,True,,,,,"https://www.glassdoor.de/job-listing/founding-research-engineer-in-the-flower-frontier-model-team-all-seniority-levels-welcome-germany-uk-global-flower-labs-gmbh-JV_KO0,107_KE108,124.htm?jl=1009968517658"
1010016353522,Staff Software Engineer (m/f/d) Data,Axel Springer National Media & Tech GmbH & Co. KG,Berlin,,,,,EUR,True,,,,,"https://www.glassdoor.de/job-listing/staff-software-engineer-mfd-data-axel-springer-JV_IC2622109_KO0,32_KE33,46.htm?jl=1010016353522"
1010068746183,Platform Lead - Engineering Manager,Nucs AI,Deutschland,,,,,EUR,True,,,,,"https://www.glassdoor.de/job-listing/platform-lead-engineering-manager-nucs-ai-JV_KO0,33_KE34,41.htm?jl=1010068746183"
1010101852162,Senior Product Manager (EN),Cosuno,Berlin,,,,,EUR,True,,,,,"https://www.glassdoor.de/job-listing/senior-product-manager-en-cosuno-ventures-JV_IC2622109_KO0,25_KE26,41.htm?jl=1010101852162"
1010087050154,Data Engineering Manager - Berlin,Vestiaire Collective,Berlin,,,,,EUR,True,,,,,"https://www.glassdoor.de/job-listing/data-engineering-manager-berlin-vestiaire-collective-JV_IC2622109_KO0,31_KE32,52.htm?jl=1010087050154"
1010052602827,Senior Android Engineer (m/f/d),Axel Springer National Media & Tech GmbH & Co. KG,Berlin,,,,,EUR,True,,,,,"https://www.glassdoor.de/job-listing/senior-android-engineer-mfd-axel-springer-JV_IC2622109_KO0,27_KE28,41.htm?jl=1010052602827"
1010000864536,Senior Consultant IT Audit & IT Assurance (m/w/d),Deloitte GmbH,Berlin,,,,,EUR,False,,,,,"https://www.glassdoor.de/job-listing/senior-consultant-it-audit-it-assurance-mwd-deloitte-JV_IC2622109_KO0,43_KE44,52.htm?jl=1010000864536"
1009940179570,(Senior) Manager SAP Master Data (m/w/d),Deloitte,Berlin,,,,,EUR,False,,,,,"https://www.glassdoor.de/job-listing/senior-manager-sap-master-data-mwd-deloitte-JV_IC2622109_KO0,34_KE35,43.htm?jl=1009940179570"
1010000865666,Senior Consultant / Manager - SAP Supply Chain and Finance Data Management (m/w/d),Deloitte Consulting GmbH,Berlin,,,,,EUR,False,,,,,"https://www.glassdoor.de/job-listing/senior-consultant-manager-sap-supply-chain-and-finance-data-management-mwd-deloitte-JV_IC2622109_KO0,74_KE75,83.htm?jl=1010000865666"
1010122604078,Principal Security Engineer,Pipedrive,Deutschland,,,,,EUR,True,,,,,"https://www.glassdoor.de/job-listing/principal-security-engineer-pipedrive-JV_KO0,27_KE28,37.htm?jl=1010122604078"
1010057298481,(Senior) AI Security Engineer (f/w/d),PAIR Finance GmbH,Berlin,,,,,EUR,True,,,,,"https://www.glassdoor.de/job-listing/senior-ai-security-engineer-fwd-pair-finance-JV_IC2622109_KO0,31_KE32,44.htm?jl=1010057298481"
1010000866205,Consultant IT-Assurance / Financial Services (m/w/d),Deloitte GmbH,Berlin,,,,,EUR,False,,,,,"https://www.glassdoor.de/job-listing/consultant-it-assurance-financial-services-mwd-deloitte-JV_IC2622109_KO0,46_KE47,55.htm?jl=1010000866205"
1010108512185,"Product Director, Banking Engagement",Crypto.com,Berlin,,,,,EUR,True,,,,,"https://www.glassdoor.de/job-listing/product-director-banking-engagement-crypto-com-JV_IC2622109_KO0,35_KE36,46.htm?jl=1010108512185"
1010122604081,Lead Security Engineer,Pipedrive,Deutschland,,,,,EUR,True,,,,,"https://www.glassdoor.de/job-listing/lead-security-engineer-pipedrive-JV_KO0,22_KE23,32.htm?jl=1010122604081"
1010000865638,Consultant SAP Master Data Management (m/w/d),Deloitte Consulting GmbH,Berlin,,,,,EUR,False,,,,,"https://www.glassdoor.de/job-listing/consultant-sap-master-data-management-mwd-deloitte-JV_IC2622109_KO0,41_KE42,50.htm?jl=1010000865638"
1010028332157,Senior Software Engineer (m/w/d) @ FICUS Health,Merantix,Berlin,,,,,EUR,True,,,,,"https://www.glassdoor.de/job-listing/senior-software-engineer-mwd-ficus-health-merantix-JV_IC2622109_KO0,41_KE42,50.htm?jl=1010028332157"
1010000866243,Senior Consultant IT-Assurance / Financial Services (m/w/d),Deloitte GmbH,Berlin,,,,,EUR,False,,,,,"https://www.glassdoor.de/job-listing/senior-consultant-it-assurance-financial-services-mwd-deloitte-JV_IC2622109_KO0,53_KE54,62.htm?jl=1010000866243"
1010121599812,Senior Product Owner – Xsolla Money Account,Xsolla,Deutschland,,,,,EUR,True,,,,,"https://www.glassdoor.de/job-listing/senior-product-owner-xsolla-money-account-xsolla-JV_KO0,41_KE42,48.htm?jl=1010121599812"
1010000865612,Senior Consultant SAP Master Data Management (m/w/d),Deloitte Consulting GmbH,Berlin,,,,,EUR,False,,,,,"https://www.glassdoor.de/job-listing/senior-consultant-sap-master-data-management-mwd-deloitte-JV_IC2622109_KO0,48_KE49,57.htm?jl=1010000865612"
1009987049882,Senior Backend Engineer (m/f/d) – Kotlin/Spring Boot/AWS,Axel Springer National Media & Tech GmbH & Co. KG,Berlin,,,,,EUR,True,,,,,"https://www.glassdoor.de/job-listing/senior-backend-engineer-mfd-kotlin-spring-boot-aws-axel-springer-JV_IC2622109_KO0,50_KE51,64.htm?jl=1009987049882"
1010065281760,"Associate Director, Medical Programs",Nucs AI,Berlin,,,,,EUR,True,,,,,"https://www.glassdoor.de/job-listing/associate-director-medical-programs-nucs-ai-JV_IC2622109_KO0,35_KE36,43.htm?jl=1010065281760"
1010021599336,Performance Manager (m/f/d),JSD-JLL Services GmbH,Berlin,,,,,EUR,True,,,,,"https://www.glassdoor.de/job-listing/performance-manager-mfd-jones-lang-lasalle-JV_IC2622109_KO0,23_KE24,42.htm?jl=1010021599336"
1010122605389,(Senior) Technical Product Manager (w/m/d) - B2B Saas I Berlin (hybrid),Packmatic GmbH,Deutschland,,,,,EUR,True,,,,,"https://www.glassdoor.de/job-listing/senior-technical-product-manager-wmd-b2b-saas-i-berlin-hybrid-packmatic-JV_KO0,61_KE62,71.htm?jl=1010122605389"
1009947841585,Senior Software Engineer (m/f/d) Data,Axel Springer National Media & Tech GmbH & Co. KG,Berlin,,,,,EUR,True,,,,,"https://www.glassdoor.de/job-listing/senior-software-engineer-mfd-data-axel-springer-JV_IC2622109_KO0,33_KE34,47.htm?jl=1009947841585"
1009942797363,Senior Software Engineer (m/f/d),Axel Springer National Media & Tech GmbH & Co. KG,Berlin,,,,,EUR,True,,,,,"https://www.glassdoor.de/job-listing/senior-software-engineer-mfd-axel-springer-JV_IC2622109_KO0,28_KE29,42.htm?jl=1009942797363"
1010093129311,Senior Product Owner – NetSuite,Lovehoney Group,Berlin,,,,,EUR,True,,,,,"https://www.glassdoor.de/job-listing/senior-product-owner-netsuite-lovehoney-group-JV_IC2622109_KO0,29_KE30,45.htm?jl=1010093129311"
1010033237240,Senior Client Delivery Lead (m/f/d) - Payments,Kraken,Berlin,,,,,EUR,True,,,,,"https://www.glassdoor.de/job-listing/senior-client-delivery-lead-mfd-payments-kraken-tech-JV_IC2622109_KO0,40_KE41,52.htm?jl=1010033237240"
1010106615792,"PostDoc in Electronic Structure & Magnetism in Quantum Materials, France",ILL,Deutschland,,,,,EUR,False,,,,,"https://www.glassdoor.de/job-listing/postdoc-in-electronic-structure-magnetism-in-quantum-materials-france-ill-JV_KO0,69_KE70,73.htm?jl=1010106615792"
1010045025230,Legal Engineer (Libra - Legal AI Assistant) (m/f/d),Libra Technology GmbH,Berlin,,,,,EUR,False,,,,,"https://www.glassdoor.de/job-listing/legal-engineer-libra-legal-ai-assistant-mfd-wolters-kluwer-JV_IC2622109_KO0,43_KE44,58.htm?jl=1010045025230"
1010007109924,Senior SecOps Engineer (Libra - Legal AI Assistant) (m/f/d),Libra Technology GmbH,Berlin,,,,,EUR,False,,,,,"https://www.glassdoor.de/job-listing/senior-secops-engineer-libra-legal-ai-assistant-mfd-wolters-kluwer-JV_IC2622109_KO0,51_KE52,66.htm?jl=1010007109924"
1010082485062,"Account Executive SMB (Fluent in German) (Position located in Berlin, Germany)",KnowBe4,Berlin,,,,,EUR,True,,,,,"https://www.glassdoor.de/job-listing/account-executive-smb-fluent-in-german-position-located-in-berlin-germany-knowbe4-JV_IC2622109_KO0,73_KE74,81.htm?jl=1010082485062"
1010029718367,AI Engineer Team Lead (all genders),EXXETA,Berlin,,,,,EUR,False,,,,,"https://www.glassdoor.de/job-listing/ai-engineer-team-lead-all-genders-exxeta-JV_IC2622109_KO0,33_KE34,40.htm?jl=1010029718367"
1010024469805,Legal Solutions Architect (Libra - Legal AI Assistant) (m/f/d),Libra Technology GmbH,Berlin,,,,,EUR,False,,,,,"https://www.glassdoor.de/job-listing/legal-solutions-architect-libra-legal-ai-assistant-mfd-wolters-kluwer-JV_IC2622109_KO0,54_KE55,69.htm?jl=1010024469805"
1010029718511,Senior AI Automation Consultant (all genders),EXXETA,Berlin,,,,,EUR,False,,,,,"https://www.glassdoor.de/job-listing/senior-ai-automation-consultant-all-genders-exxeta-JV_IC2622109_KO0,43_KE44,50.htm?jl=1010029718511"
1010123850128,Senior Software Developer - AI Trainer,DataAnnotation,Deutschland,,,,,EUR,True,,,,,"https://www.glassdoor.de/job-listing/senior-software-developer-ai-trainer-dataannotation-JV_KO0,36_KE37,51.htm?jl=1010123850128"
1010123850081,Senior Software Developer - AI Trainer,DataAnnotation,Deutschland,,,,,EUR,True,,,,,"https://www.glassdoor.de/job-listing/senior-software-developer-ai-trainer-dataannotation-JV_KO0,36_KE37,51.htm?jl=1010123850081"
1010065045312,Lecturer Cyber Security Attack Models and Auditing (m/f/d),IU Internationale Hochschule,Berlin,,,,,EUR,False,,,,,"https://www.glassdoor.de/job-listing/lecturer-cyber-security-attack-models-and-auditing-mfd-iu-internationale-hochschule-JV_IC2622109_KO0,54_KE55,83.htm?jl=1010065045312"
1010088418786,Lecturer Cyber Security Secure Networking (m/f/d),IU Internationale Hochschule,Berlin,,,,,EUR,False,,,,,"https://www.glassdoor.de/job-listing/lecturer-cyber-security-secure-networking-mfd-iu-internationale-hochschule-JV_IC2622109_KO0,45_KE46,74.htm?jl=1010088418786"
1010065045331,Lecturer Cyber Security Attack Scenarios and Incident Response (m/f/d),IU Internationale Hochschule,Berlin,,,,,EUR,False,,,,,"https://www.glassdoor.de/job-listing/lecturer-cyber-security-attack-scenarios-and-incident-response-mfd-iu-internationale-hochschule-JV_IC2622109_KO0,66_KE67,95.htm?jl=1010065045331"
1009966602820,Lecturer AI Reinforcement Learning (m/f/d),IU Internationale Hochschule,Berlin,,,,,EUR,False,,,,,"https://www.glassdoor.de/job-listing/lecturer-ai-reinforcement-learning-mfd-iu-internationale-hochschule-JV_IC2622109_KO0,38_KE39,67.htm?jl=1009966602820"
1010061386065,IT Projektmanager - inhouse (m/w/d) (hybrid),Wolters Kluwer,Berlin,,,,,EUR,False,,,,,"https://www.glassdoor.de/job-listing/it-projektmanager-inhouse-mwd-hybrid-wolters-kluwer-JV_IC2622109_KO0,36_KE37,51.htm?jl=1010061386065"
1010038018276,Senior Innovation Consultant – Schwerpunkt KI & Industry (all genders),EXXETA,Berlin,,,,,EUR,False,,,,,"https://www.glassdoor.de/job-listing/senior-innovation-consultant-schwerpunkt-ki-industry-all-genders-exxeta-JV_IC2622109_KO0,64_KE65,71.htm?jl=1010038018276"
1010082485015,"Director of Channel Sales (Fluent in German) (Located in Berlin, Germany)",KnowBe4,Berlin,,,,,EUR,True,,,,,"https://www.glassdoor.de/job-listing/director-of-channel-sales-fluent-in-german-located-in-berlin-germany-knowbe4-JV_IC2622109_KO0,68_KE69,76.htm?jl=1010082485015"
1010071937329,AI Architect (all genders) - BCG Platinion,Boston Consulting Group,Berlin,,,,,EUR,False,,,,,"https://www.glassdoor.de/job-listing/ai-architect-all-genders-bcg-platinion-boston-consulting-group-JV_IC2622109_KO0,38_KE39,62.htm?jl=1010071937329"
1010111949596,AI Engineer (m/w/d),MEDIAN Unternehmenszentrale Berlin,Berlin,,,,,EUR,False,,,,,"https://www.glassdoor.de/job-listing/ai-engineer-mwd-median-kliniken-JV_IC2622109_KO0,15_KE16,31.htm?jl=1010111949596"
1010065045297,Lecturer Computer Science Cryptology (m/f/d),IU Internationale Hochschule,Berlin,,,,,EUR,False,,,,,"https://www.glassdoor.de/job-listing/lecturer-computer-science-cryptology-mfd-iu-internationale-hochschule-JV_IC2622109_KO0,40_KE41,69.htm?jl=1010065045297"
1010128416497,Platform Engineer - AI Trainer,DataAnnotation,Deutschland,,,,,EUR,True,,,,,"https://www.glassdoor.de/job-listing/platform-engineer-ai-trainer-dataannotation-JV_KO0,28_KE29,43.htm?jl=1010128416497"
1010085873324,Program & Project Management Lead (m/f/d),Riverty Administration Services GmbH,Berlin,,,,,EUR,False,,,,,"https://www.glassdoor.de/job-listing/program-project-management-lead-mfd-riverty-JV_IC2622109_KO0,35_KE36,43.htm?jl=1010085873324"
1010029718799,Cloud Architect (all genders),EXXETA,Berlin,,,,,EUR,False,,,,,"https://www.glassdoor.de/job-listing/cloud-architect-all-genders-exxeta-JV_IC2622109_KO0,27_KE28,34.htm?jl=1010029718799"
1010119573707,Senior Consultant SAP BTP & Agentic AI (all genders) - BCG Platinion,Boston Consulting Group,Berlin,,,,,EUR,False,,,,,"https://www.glassdoor.de/job-listing/senior-consultant-sap-btp-agentic-ai-all-genders-bcg-platinion-boston-consulting-group-JV_IC2622109_KO0,62_KE63,86.htm?jl=1010119573707"
1010071517098,Jurastudent für LTO-Newsdesk / Redaktion (m/w/d),Wolters Kluwer Deutschland GmbH,Berlin,,,,,EUR,False,,,,,"https://www.glassdoor.de/job-listing/jurastudent-für-lto-newsdesk-redaktion-mwd-wolters-kluwer-JV_IC2622109_KO0,42_KE43,57.htm?jl=1010071517098"
1010128416500,Backend Engineer - AI Trainer,DataAnnotation,Deutschland,,,,,EUR,True,,,,,"https://www.glassdoor.de/job-listing/backend-engineer-ai-trainer-dataannotation-JV_KO0,27_KE28,42.htm?jl=1010128416500"
1010123850120,Software Engineer - AI Trainer,DataAnnotation,Deutschland,,,,,EUR,True,,,,,"https://www.glassdoor.de/job-listing/software-engineer-ai-trainer-dataannotation-JV_KO0,28_KE29,43.htm?jl=1010123850120"
1010100399354,AI Engineer (m/w/d),Basalt-Actien-Gesellschaft,Berlin,,,,,EUR,False,,,,,"https://www.glassdoor.de/job-listing/ai-engineer-mwd-basalt-ag-JV_IC2622109_KO0,15_KE16,25.htm?jl=1010100399354"
1010101585850,Sales Development Representative - AI Startup (m/w/d),BeatSquares,Berlin,,,,,EUR,False,,,,,"https://www.glassdoor.de/job-listing/sales-development-representative-ai-startup-mwd-beatsquares-JV_IC2622109_KO0,47_KE48,59.htm?jl=1010101585850"
1010118251039,Head of Product Innovation & Strategy (m/f/d),Lautsprecher Teufel GmbH,Deutschland,,,,,EUR,False,,,,,"https://www.glassdoor.de/job-listing/head-of-product-innovation-strategy-mfd-lautsprecher-teufel-JV_KO0,39_KE40,59.htm?jl=1010118251039"
1009952029525,"Forward Deployed AI Engineer, Germany - BCG X",Boston Consulting Group,Berlin,,,,,EUR,False,,,,,"https://www.glassdoor.de/job-listing/forward-deployed-ai-engineer-germany-bcg-x-boston-consulting-group-JV_IC2622109_KO0,42_KE43,66.htm?jl=1009952029525"
1010029718858,(Junior) Innovation Consultant - Schwerpunkt KI & Industry (all genders),EXXETA,Berlin,,,,,EUR,False,,,,,"https://www.glassdoor.de/job-listing/junior-innovation-consultant-schwerpunkt-ki-industry-all-genders-exxeta-JV_IC2622109_KO0,64_KE65,71.htm?jl=1010029718858"
1010029718802,Junior Consultant – Process- & Workflowautomation (all genders),EXXETA,Berlin,,,,,EUR,False,,,,,"https://www.glassdoor.de/job-listing/junior-consultant-process-workflowautomation-all-genders-exxeta-JV_IC2622109_KO0,56_KE57,63.htm?jl=1010029718802"
1009388760331,Consultant IT Architecture (all genders) - BCG Platinion,Boston Consulting Group,Berlin,,,,,EUR,False,,,,,"https://www.glassdoor.de/job-listing/consultant-it-architecture-all-genders-bcg-platinion-boston-consulting-group-JV_IC2622109_KO0,52_KE53,76.htm?jl=1009388760331"
1010088418785,Lecturer Engineering Software Automation Technology (m/f/d),IU Internationale Hochschule,Berlin,,,,,EUR,False,,,,,"https://www.glassdoor.de/job-listing/lecturer-engineering-software-automation-technology-mfd-iu-internationale-hochschule-JV_IC2622109_KO0,55_KE56,84.htm?jl=1010088418785"
1010101586114,Head of Quality & Compliance,StackFuel GmbH,Berlin,,,,,EUR,True,,,,,"https://www.glassdoor.de/job-listing/head-of-quality-compliance-stackfuel-JV_IC2622109_KO0,26_KE27,36.htm?jl=1010101586114"
1010088266120,Junior Procurement Manager (w/m/d),Everphone,Berlin,,,,,EUR,True,,,,,"https://www.glassdoor.de/job-listing/junior-procurement-manager-wmd-everphone-JV_IC2622109_KO0,30_KE31,40.htm?jl=1010088266120"
1010113054102,Junior Presales Consultant (m/w/d) - Fokus Genesys - Vollzeit / Teilzeit,infinit.cx GmbH,Berlin,,,,,EUR,False,,,,,"https://www.glassdoor.de/job-listing/junior-presales-consultant-mwd-fokus-genesys-vollzeit-teilzeit-infinit-cx-JV_IC2622109_KO0,62_KE63,73.htm?jl=1010113054102"
1009388760450,IT Architect (all genders) - BCG Platinion,Boston Consulting Group,Berlin,,,,,EUR,False,,,,,"https://www.glassdoor.de/job-listing/it-architect-all-genders-bcg-platinion-boston-consulting-group-JV_IC2622109_KO0,38_KE39,62.htm?jl=1009388760450"
1010101585960,Learning Content Engineer - KI,StackFuel GmbH,Berlin,,,,,EUR,True,,,,,"https://www.glassdoor.de/job-listing/learning-content-engineer-ki-stackfuel-JV_IC2622109_KO0,28_KE29,38.htm?jl=1010101585960"
1009952029524,"Visiting Forward Deployed AI Engineer, Internship, Germany - BCG X",Boston Consulting Group,Berlin,,,,,EUR,False,,,,,"https://www.glassdoor.de/job-listing/visiting-forward-deployed-ai-engineer-internship-germany-bcg-x-boston-consulting-group-JV_IC2622109_KO0,62_KE63,86.htm?jl=1009952029524"
1010093875561,AI Automation Engineer (m/w/d) – Internal AI Lab @ MieterEngel,MieterEngel GmbH,Deutschland,,,,,EUR,True,,,,,"https://www.glassdoor.de/job-listing/ai-automation-engineer-mwd-internal-ai-lab-mieterengel-mieterengel-JV_KO0,54_KE55,66.htm?jl=1010093875561"
1009952029542,"Visiting Forward Deployed AI Scientist, Internship, Germany - BCG X",Boston Consulting Group,Berlin,,,,,EUR,False,,,,,"https://www.glassdoor.de/job-listing/visiting-forward-deployed-ai-scientist-internship-germany-bcg-x-boston-consulting-group-JV_IC2622109_KO0,63_KE64,87.htm?jl=1009952029542"
1010094623028,"Team Lead, Global ABM (all genders)",TeamViewer Germany GmbH,Berlin,,,,,EUR,True,,,,,"https://www.glassdoor.de/job-listing/team-lead-global-abm-all-genders-teamviewer-JV_IC2622109_KO0,32_KE33,43.htm?jl=1010094623028"
1010101610537,Junior Presales Consultant (m/w/d) - Fokus Sprinklr Service,infinit.cx GmbH,Deutschland,,,,,EUR,False,,,,,"https://www.glassdoor.de/job-listing/junior-presales-consultant-mwd-fokus-sprinklr-service-infinit-cx-JV_KO0,53_KE54,64.htm?jl=1010101610537"
1010128416489,Progamming Analyst- AI Trainer,DataAnnotation,Deutschland,,,,,EUR,True,,,,,"https://www.glassdoor.de/job-listing/progamming-analyst-ai-trainer-dataannotation-JV_KO0,29_KE30,44.htm?jl=1010128416489"
1010123850105,Software Engineer - AI Trainer,DataAnnotation,Deutschland,,,,,EUR,True,,,,,"https://www.glassdoor.de/job-listing/software-engineer-ai-trainer-dataannotation-JV_KO0,28_KE29,43.htm?jl=1010123850105"
1010128416445,Software Designer - AI Trainer,DataAnnotation,Berlin,,,,,EUR,True,,,,,"https://www.glassdoor.de/job-listing/software-designer-ai-trainer-dataannotation-JV_IC2622109_KO0,28_KE29,43.htm?jl=1010128416445"
1010126233717,Cloud Support Associate (German & English speaking),Amazon Web Services,Berlin,,,,,EUR,False,,,,,"https://www.glassdoor.de/job-listing/cloud-support-associate-german-english-speaking-amazon-web-services-JV_IC2622109_KO0,47_KE48,67.htm?jl=1010126233717"
1010080338730,Projektleiter Partner-Installation SHK (m/w/d) – Fokus Wärmepumpe,Octopus Energy Group,Berlin,,,,,EUR,True,,,,,"https://www.glassdoor.de/job-listing/projektleiter-partner-installation-shk-mwd-fokus-wärmepumpe-octopus-energy-JV_IC2622109_KO0,59_KE60,74.htm?jl=1010080338730"
1009929831520,Online Marketing Manager (m/w/d),Green Grizzly GmbH (Wholey Organics),Berlin,,,,,EUR,True,,,,,"https://www.glassdoor.de/job-listing/online-marketing-manager-mwd-wholey-JV_IC2622109_KO0,28_KE29,35.htm?jl=1009929831520"
1010128416458,Frontend Engineer - AI Trainer,DataAnnotation,Berlin,,,,,EUR,True,,,,,"https://www.glassdoor.de/job-listing/frontend-engineer-ai-trainer-dataannotation-JV_IC2622109_KO0,28_KE29,43.htm?jl=1010128416458"
1010101610532,Presales Consultant (m/w/d) - Fokus Sprinklr Service,infinit.cx GmbH,Deutschland,,,,,EUR,False,,,,,"https://www.glassdoor.de/job-listing/presales-consultant-mwd-fokus-sprinklr-service-infinit-cx-JV_KO0,46_KE47,57.htm?jl=1010101610532"
1010098989767,(Senior) AI Enablement Manager (m/w/d),IU Internationale Hochschule,Berlin,,,,,EUR,False,,,,,"https://www.glassdoor.de/job-listing/senior-ai-enablement-manager-mwd-iu-internationale-hochschule-JV_IC2622109_KO0,32_KE33,61.htm?jl=1010098989767"
1010086013491,Vertriebsleiter (m/w/d) – Innovative Lösungen / Robotik im Sicherheitsdienst,CIBORIUS Security & Service Solutions Berlin GmbH,Berlin,,,,,EUR,True,,,,,"https://www.glassdoor.de/job-listing/vertriebsleiter-mwd-innovative-lösungen-robotik-im-sicherheitsdienst-ciborius-gruppe-JV_IC2622109_KO0,68_KE69,84.htm?jl=1010086013491"
1010118471925,Sales Operations & Strategy Manager (m/w/d),IU Internationale Hochschule,Deutschland,,,,,EUR,False,,,,,"https://www.glassdoor.de/job-listing/sales-operations-strategy-manager-mwd-iu-internationale-hochschule-JV_KO0,37_KE38,66.htm?jl=1010118471925"
1010094933996,"Team Lead, Global Integrated Campaigns (all genders)",TeamViewer Germany GmbH,Berlin,,,,,EUR,True,,,,,"https://www.glassdoor.de/job-listing/team-lead-global-integrated-campaigns-all-genders-teamviewer-JV_IC2622109_KO0,49_KE50,60.htm?jl=1010094933996"
1010115854694,"(Senior) Sales Executive / Sales Manager (m/w/d) im Bereich TIC (Testing, Inspection & Certification)",Nemko GmbH,Berlin,,,,,EUR,False,,,,,"https://www.glassdoor.de/job-listing/senior-sales-executive-sales-manager-mwd-im-bereich-tic-testing-inspection-certification-nemko-JV_IC2622109_KO0,88_KE89,94.htm?jl=1010115854694"
1010109422906,Manager Compliance und Datenschutz (m/w/d),MEDIAN Unternehmenszentrale Berlin,Berlin,,,,,EUR,False,,,,,"https://www.glassdoor.de/job-listing/manager-compliance-und-datenschutz-mwd-median-kliniken-JV_IC2622109_KO0,38_KE39,54.htm?jl=1010109422906"
1010126233726,Cloud Support Engineer (German & English speaking),Amazon Web Services,Deutschland,,,,,EUR,False,,,,,"https://www.glassdoor.de/job-listing/cloud-support-engineer-german-english-speaking-amazon-web-services-JV_KO0,46_KE47,66.htm?jl=1010126233726"
1010119573730,IT Associate - Focus AI (all genders) - BCG Platinion,Boston Consulting Group,Berlin,,,,,EUR,False,,,,,"https://www.glassdoor.de/job-listing/it-associate-focus-ai-all-genders-bcg-platinion-boston-consulting-group-JV_IC2622109_KO0,47_KE48,71.htm?jl=1010119573730"
1010060608867,IT & Security Engineer (m/w/d),Pflegecampus 21 GmbH,Deutschland,,,,,EUR,True,,,,,"https://www.glassdoor.de/job-listing/it-security-engineer-mwd-pflegecampus-21-gmbh-JV_KO0,24_KE25,45.htm?jl=1010060608867"
1010123048863,Product Lead - KI-Agenten & Plattform (m/w/d),Lucid Labs,Deutschland,,,,,EUR,True,,,,,"https://www.glassdoor.de/job-listing/product-lead-ki-agenten-plattform-mwd-lucid-labs-JV_KO0,37_KE38,48.htm?jl=1010123048863"
1010112239578,Data Engineer (m/w/d),Tennis-Point Europe GmbH,Berlin,,,,,EUR,False,,,,,"https://www.glassdoor.de/job-listing/data-engineer-mwd-tennis-point-JV_IC2622109_KO0,17_KE18,30.htm?jl=1010112239578"
1010030720055,Senior Investor Relations Manager (all genders),TeamViewer Germany GmbH,Berlin,,,,,EUR,True,,,,,"https://www.glassdoor.de/job-listing/senior-investor-relations-manager-all-genders-teamviewer-JV_IC2622109_KO0,45_KE46,56.htm?jl=1010030720055"
1010087762516,AI Engineer Health Tech (w/m/d) - German C1 - Only Senior Level,Tech Punk GmbH,Berlin,,,,,EUR,True,,,,,"https://www.glassdoor.de/job-listing/ai-engineer-health-tech-wmd-german-c1-only-senior-level-tech-punk-gmbh-JV_IC2622109_KO0,55_KE56,70.htm?jl=1010087762516"
1010098866363,Senior Product Manager / Product Lead - AI & Agentic Workflows (m/w/d),getpress GmbH,Berlin,,,,,EUR,True,,,,,"https://www.glassdoor.de/job-listing/senior-product-manager-product-lead-ai-agentic-workflows-mwd-getpress-JV_IC2622109_KO0,60_KE61,69.htm?jl=1010098866363"
1010108193124,Anlagenmechaniker SHK / Heizungsbauer (m/w/d) – Wärmepumpen - Großraum Berlin / Brandenburg,Octopus Energy Group,Berlin,,,,,EUR,True,,,,,"https://www.glassdoor.de/job-listing/anlagenmechaniker-shk-heizungsbauer-mwd-wärmepumpen-großraum-berlin-brandenburg-octopus-energy-JV_IC2622109_KO0,79_KE80,94.htm?jl=1010108193124"
1010106442904,Fullstack Engineer (m/w/d) – Next.js & Python / Kundenportal & Ökosystem Wärmepumpe,Octopus Energy Group,Berlin,,,,,EUR,True,,,,,"https://www.glassdoor.de/job-listing/fullstack-engineer-mwd-next-js-python-kundenportal-ökosystem-wärmepumpe-octopus-energy-JV_IC2622109_KO0,71_KE72,86.htm?jl=1010106442904"
1010119607484,Senior Python Data Developer (m/w/d) - German C1 - Only Senior Level,Tech Punk GmbH,Berlin,,,,,EUR,True,,,,,"https://www.glassdoor.de/job-listing/senior-python-data-developer-mwd-german-c1-only-senior-level-tech-punk-gmbh-JV_IC2622109_KO0,60_KE61,75.htm?jl=1010119607484"
1010114561107,Senior Softwareentwickler (m/w/d) Payroll Software mit KI-Fokus,Wolters Kluwer Tax & Accounting Deutschland GmbH,Berlin,,,,,EUR,False,,,,,"https://www.glassdoor.de/job-listing/senior-softwareentwickler-mwd-payroll-software-mit-ki-fokus-wolters-kluwer-JV_IC2622109_KO0,59_KE60,74.htm?jl=1010114561107"
1010047635749,Senior Platform Engineer (Rust) - Remote Work,BairesDev,Berlin,,,,,EUR,False,,,,,"https://www.glassdoor.de/job-listing/senior-platform-engineer-rust-remote-work-bairesdev-JV_IC2622109_KO0,41_KE42,51.htm?jl=1010047635749"
1010126253849,"(Senior) Finance & Accounting Manager (German-speaking, f/m/d)",Likenilo GmbH (nilo),Deutschland,,,,,EUR,True,,,,,"https://www.glassdoor.de/job-listing/senior-finance-accounting-manager-german-speaking-fmd-likenilo-gmbh-nilo-JV_KO0,53_KE54,72.htm?jl=1010126253849"
1010108952901,Einstiegsmöglichkeit in den Vertrieb (SDR) - ohne Vorerfahrung möglich,JUPUS GmbH,Berlin,,,,,EUR,True,,,,,"https://www.glassdoor.de/job-listing/einstiegsmöglichkeit-in-den-vertrieb-sdr-ohne-vorerfahrung-möglich-jupus-gmbh-JV_IC2622109_KO0,66_KE67,77.htm?jl=1010108952901"
1009538146961,Vertriebsmitarbeiter*in / Promoter*in (m/w/d) POS,Octopus Energy Group,Berlin,,,,,EUR,True,,,,,"https://www.glassdoor.de/job-listing/vertriebsmitarbeiter-in-promoter-in-mwd-pos-octopus-energy-JV_IC2622109_KO0,43_KE44,58.htm?jl=1009538146961"
1010046097866,Senior Employer Relations Manager (m/w/d) Teilzeit (20h/Woche),IU Internationale Hochschule,Berlin,,,,,EUR,False,,,,,"https://www.glassdoor.de/job-listing/senior-employer-relations-manager-mwd-teilzeit-20h-woche-iu-internationale-hochschule-JV_IC2622109_KO0,56_KE57,85.htm?jl=1010046097866"
1010118889277,Lead CRM (w/m/x/d),MILES Mobility GmbH,Berlin,,,,,EUR,True,,,,,"https://www.glassdoor.de/job-listing/lead-crm-wmxd-miles-mobility-JV_IC2622109_KO0,13_KE14,28.htm?jl=1010118889277"
1010105872226,DevOps Engineer - AI-Ops / C++ Build Systems (m/w/d),IONOS SE,Berlin,,,,,EUR,True,,,,,"https://www.glassdoor.de/job-listing/devops-engineer-ai-ops-c-build-systems-mwd-united-internet-JV_IC2622109_KO0,42_KE43,58.htm?jl=1010105872226"
1010078768968,Account Executive (m/w/d) - Germany (remote),catchHR,Berlin,,,,,EUR,True,,,,,"https://www.glassdoor.de/job-listing/account-executive-mwd-germany-remote-catchhr-JV_IC2622109_KO0,36_KE37,44.htm?jl=1010078768968"
1010095393934,Commercial Strategy Manager (m/w/d),Legalhero GmbH,Berlin,,,,,EUR,True,,,,,"https://www.glassdoor.de/job-listing/commercial-strategy-manager-mwd-legalhero-JV_IC2622109_KO0,31_KE32,41.htm?jl=1010095393934"
1009742842273,"Markenbotschafter*in, Promoter*in am POS (m/w/d) Berlin & Potsdam",Octopus Energy Group,Berlin,,,,,EUR,True,,,,,"https://www.glassdoor.de/job-listing/markenbotschafter-in-promoter-in-am-pos-mwd-berlin-potsdam-octopus-energy-JV_IC2622109_KO0,58_KE59,73.htm?jl=1009742842273"
1010103151371,Senior Product Manager – Retail Media Platform (m//f/d),Redcare Pharmacy,Berlin,,,,,EUR,True,,,,,"https://www.glassdoor.de/job-listing/senior-product-manager-retail-media-platform-mfd-redcare-pharmacy-JV_IC2622109_KO0,48_KE49,65.htm?jl=1010103151371"
1010126903225,Fitnesstrainer Teilzeit (m/w/d),A.I. Fitness GmbH,Deutschland,,,,,EUR,True,,,,,"https://www.glassdoor.de/job-listing/fitnesstrainer-teilzeit-mwd-ai-management-JV_KO0,27_KE28,41.htm?jl=1010126903225"
1010118799558,(Senior) CRM & Automation Manager (w/m/x/d),MILES Mobility GmbH,Berlin,,,,,EUR,True,,,,,"https://www.glassdoor.de/job-listing/senior-crm-automation-manager-wmxd-miles-mobility-JV_IC2622109_KO0,34_KE35,49.htm?jl=1010118799558"
1010116971794,Senior Frontend Engineer (m/w/d),Octopus Energy Group,Deutschland,,,,,EUR,True,,,,,"https://www.glassdoor.de/job-listing/senior-frontend-engineer-mwd-octopus-energy-JV_KO0,28_KE29,43.htm?jl=1010116971794"
1010080338736,Werkstudent Business Development – Partner Management (m/w/d),Octopus Energy Group,Deutschland,,,,,EUR,True,,,,,"https://www.glassdoor.de/job-listing/werkstudent-business-development-partner-management-mwd-octopus-energy-JV_KO0,55_KE56,70.htm?jl=1010080338736"
1010109127242,Senior Backend Developer (m/w/d),Octopus Energy Group,Berlin,,,,,EUR,True,,,,,"https://www.glassdoor.de/job-listing/senior-backend-developer-mwd-octopus-energy-JV_IC2622109_KO0,28_KE29,43.htm?jl=1010109127242"
1010107896701,Smart Operations Lead (m/w/d),Octopus Energy Group,Berlin,,,,,EUR,True,,,,,"https://www.glassdoor.de/job-listing/smart-operations-lead-mwd-octopus-energy-JV_IC2622109_KO0,25_KE26,40.htm?jl=1010107896701"
1010126903234,Fitnesstrainer Vollzeit (m/w/d),A.I. Fitness GmbH,Deutschland,,,,,EUR,True,,,,,"https://www.glassdoor.de/job-listing/fitnesstrainer-vollzeit-mwd-ai-management-JV_KO0,27_KE28,41.htm?jl=1010126903234"
1010047635723,Staff Full Stack Engineer - Remote Work,BairesDev,Berlin,,,,,EUR,False,,,,,"https://www.glassdoor.de/job-listing/staff-full-stack-engineer-remote-work-bairesdev-JV_IC2622109_KO0,37_KE38,47.htm?jl=1010047635723"
1010101514301,Media Sales,KiVVON Media GmbH,Deutschland,,,,,EUR,True,,,,,"https://www.glassdoor.de/job-listing/media-sales-kivvon-media-gmbh-JV_KO0,11_KE12,29.htm?jl=1010101514301"
1010053115919,Sales Talent - Energy Helper am Point of Sale (m/w/d) - Berlin & Potsdam,Octopus Energy Group,Berlin,,,,,EUR,True,,,,,"https://www.glassdoor.de/job-listing/sales-talent-energy-helper-am-point-of-sale-mwd-berlin-potsdam-octopus-energy-JV_IC2622109_KO0,62_KE63,77.htm?jl=1010053115919"
1010123379767,Copywriter - AI Trainer,DataAnnotation,Deutschland,,,,,EUR,False,,,,,"https://www.glassdoor.de/job-listing/copywriter-ai-trainer-dataannotation-JV_KO0,21_KE22,36.htm?jl=1010123379767"
1009939560021,"Trainer - AI, Automation and Microsoft365 (f/m/d)",E.ON Digital Technology GmbH,Berlin,,,,,EUR,False,,,,,"https://www.glassdoor.de/job-listing/trainer-ai-automation-and-microsoft365-fmd-e-on-JV_IC2622109_KO0,42_KE43,47.htm?jl=1009939560021"
1010059758396,Auszubildender Elektroniker für Betriebstechnik (m/w/d),NTT Ltd,Berlin,,,,,EUR,False,,,,,"https://www.glassdoor.de/job-listing/auszubildender-elektroniker-für-betriebstechnik-mwd-ntt-data-JV_IC2622109_KO0,51_KE52,60.htm?jl=1010059758396"
1010102946277,Customer Support Specialist DACH (m/w/d),Libra Technology GmbH,Berlin,,,,,EUR,False,,,,,"https://www.glassdoor.de/job-listing/customer-support-specialist-dach-mwd-wolters-kluwer-JV_IC2622109_KO0,36_KE37,51.htm?jl=1010102946277"
1010094467167,Product Director – Conversational AI CS & Pharma Advisory (m/f/d),Redcare Pharmacy,Berlin,,,,,EUR,True,,,,,"https://www.glassdoor.de/job-listing/product-director-conversational-ai-cs-pharma-advisory-mfd-redcare-pharmacy-JV_IC2622109_KO0,57_KE58,74.htm?jl=1010094467167"
1010100392221,Engineering Manager - Pricing & Promotion (m/f/d),Flink,Berlin,,,,,EUR,True,,,,,"https://www.glassdoor.de/job-listing/engineering-manager-pricing-promotion-mfd-flink-JV_IC2622109_KO0,41_KE42,47.htm?jl=1010100392221"
1010078768887,Senior Sales Development Representative (m/w/d) - Germany (remote),catchHR,Berlin,,,,,EUR,True,,,,,"https://www.glassdoor.de/job-listing/senior-sales-development-representative-mwd-germany-remote-catchhr-JV_IC2622109_KO0,58_KE59,66.htm?jl=1010078768887"
1010076006387,Senior Brand & Communications Manager (m/w/d),getpress GmbH,Deutschland,,,,,EUR,True,,,,,"https://www.glassdoor.de/job-listing/senior-brand-communications-manager-mwd-getpress-JV_KO0,39_KE40,48.htm?jl=1010076006387"
1010097078309,Kreditorenbuchhalter (m/w/d),Octopus Energy Group,Berlin,,,,,EUR,True,,,,,"https://www.glassdoor.de/job-listing/kreditorenbuchhalter-mwd-octopus-energy-JV_IC2622109_KO0,24_KE25,39.htm?jl=1010097078309"
1010065146895,Global Social Media Specialist,Coral Club Deutschland GmbH,Berlin,,,,,EUR,True,,,,,"https://www.glassdoor.de/job-listing/global-social-media-specialist-coral-club-deutschland-gmbh-JV_IC2622109_KO0,30_KE31,58.htm?jl=1010065146895"
1010074848343,B2B Marketing Lead (f/m/d),Zenjob,Berlin,,,,,EUR,True,,,,,"https://www.glassdoor.de/job-listing/b2b-marketing-lead-fmd-zenjob-JV_IC2622109_KO0,22_KE23,29.htm?jl=1010074848343"
1010117057194,"Werkstudent:in KI, Automation & Operations (m/w/d)",TWENTY Studio GmbH,Berlin,,,,,EUR,True,,,,,"https://www.glassdoor.de/job-listing/werkstudent-in-ki-automation-operations-mwd-twenty-studio-gmbh-JV_IC2622109_KO0,43_KE44,62.htm?jl=1010117057194"
1010047635684,Senior Platform Engineer (Go) - Remote Work,BairesDev,Deutschland,,,,,EUR,False,,,,,"https://www.glassdoor.de/job-listing/senior-platform-engineer-go-remote-work-bairesdev-JV_KO0,39_KE40,49.htm?jl=1010047635684"
1010071586224,Telesales Specialist - Wärmepumpen (w/m/d),Octopus Energy Group,Berlin,,,,,EUR,True,,,,,"https://www.glassdoor.de/job-listing/telesales-specialist-wärmepumpen-wmd-octopus-energy-JV_IC2622109_KO0,36_KE37,51.htm?jl=1010071586224"
1010098869152,Senior Digital Marketing Manager SEO/GEO (all genders),denkwerk GmbH,Berlin,,,,,EUR,True,,,,,"https://www.glassdoor.de/job-listing/senior-digital-marketing-manager-seo-geo-all-genders-denkwerk-gmbh-JV_IC2622109_KO0,52_KE53,66.htm?jl=1010098869152"
1010118798249,(Junior) COO Associate,Everphone,Berlin,,,,,EUR,True,,,,,"https://www.glassdoor.de/job-listing/junior-coo-associate-everphone-JV_IC2622109_KO0,20_KE21,30.htm?jl=1010118798249"
1010080242190,Sales Manager (f/m/d),Zenjob,Deutschland,,,,,EUR,True,,,,,"https://www.glassdoor.de/job-listing/sales-manager-fmd-zenjob-JV_KO0,17_KE18,24.htm?jl=1010080242190"
1010061379218,CRM Marketing Lead (f/m/d),Zenjob,Berlin,,,,,EUR,True,,,,,"https://www.glassdoor.de/job-listing/crm-marketing-lead-fmd-zenjob-JV_IC2622109_KO0,22_KE23,29.htm?jl=1010061379218"
1010117131916,Account Manager / Kundenbetreuer (m/w/d) Online Marketing - Local SEO,Localweb Gmbh,Berlin,,,,,EUR,True,,,,,"https://www.glassdoor.de/job-listing/account-manager-kundenbetreuer-mwd-online-marketing-local-seo-localweb-gmbh-JV_IC2622109_KO0,61_KE62,75.htm?jl=1010117131916"
1010006108390,Head of Finance (m/w/d),Octopus Energy Group,Berlin,,,,,EUR,True,,,,,"https://www.glassdoor.de/job-listing/head-of-finance-mwd-octopus-energy-JV_IC2622109_KO0,19_KE20,34.htm?jl=1010006108390"
1010122587272,Senior Assortment & Pricing Analyst (m/f/d),Flink,Deutschland,,,,,EUR,True,,,,,"https://www.glassdoor.de/job-listing/senior-assortment-pricing-analyst-mfd-flink-JV_KO0,37_KE38,43.htm?jl=1010122587272"
1009827804057,Bis zu 2.500€ - Amazon Logistics - Kurierfahrer / Paketzusteller (m/w/d),ESN Logistik UG (haftungsbeschränkt),Berlin,,,,,EUR,True,,,,,"https://www.glassdoor.de/job-listing/bis-zu-2-500-amazon-logistics-kurierfahrer-paketzusteller-mwd-esn-logistik-ug-haftungsbeschränkt-JV_IC2622109_KO0,61_KE62,96.htm?jl=1009827804057"
1010122666006,Sales & Product Manager (Travel / Fincas) (m/f/div),ralfsfincas GmbH,Deutschland,,,,,EUR,True,,,,,"https://www.glassdoor.de/job-listing/sales-product-manager-travel-fincas-mf-div-ralfsfincas-gmbh-JV_KO0,42_KE43,59.htm?jl=1010122666006"
1010112435371,Backend Engineer- AI Agents/Workflows (m/w/d),getpress GmbH,Berlin,,,,,EUR,True,,,,,"https://www.glassdoor.de/job-listing/backend-engineer-ai-agents-workflows-mwd-getpress-JV_IC2622109_KO0,40_KE41,49.htm?jl=1010112435371"
1010118684980,Saldatore,Osmosi S.p.A.,Berlin,,,,,EUR,True,,,,,"https://www.glassdoor.de/job-listing/saldatore-agenzia-per-il-lavoro-osmosi-JV_IC2622109_KO0,9_KE10,38.htm?jl=1010118684980"
1010122648747,Sales & Product Manager (Travel / Fincas) (m/w/d),ralfsfincas GmbH,Deutschland,,,,,EUR,True,,,,,"https://www.glassdoor.de/job-listing/sales-product-manager-travel-fincas-mwd-ralfsfincas-gmbh-JV_KO0,39_KE40,56.htm?jl=1010122648747"
1010114555595,Sales Development Representative (m/w/d) bei HR-Tech Company,Hyrise Academy,Berlin,,,,,EUR,True,,,,,"https://www.glassdoor.de/job-listing/sales-development-representative-mwd-bei-hr-tech-company-hyrise-JV_IC2622109_KO0,56_KE57,63.htm?jl=1010114555595"
1010111846678,AI Engineer (m/w/d),MEDIAN Kliniken,Berlin,,,,,EUR,False,,,,,"https://www.glassdoor.de/job-listing/ai-engineer-mwd-median-kliniken-JV_IC2622109_KO0,15_KE16,31.htm?jl=1010111846678"
1010119573740,"AI Experience Designer, Germany - BCG X",Boston Consulting Group,Berlin,,,,,EUR,False,,,,,"https://www.glassdoor.de/job-listing/ai-experience-designer-germany-bcg-x-boston-consulting-group-JV_IC2622109_KO0,36_KE37,60.htm?jl=1010119573740"
1010114206434,Staff ML Engineer,Rise Technical Recruitment Limited,Berlin,,,,,EUR,True,,,,,"https://www.glassdoor.de/job-listing/staff-ml-engineer-rise-technical-recruitment-JV_IC2622109_KO0,17_KE18,44.htm?jl=1010114206434"
1010123765675,Senior Software Engineer - Pricing & Promotion (m/f/d),Flink,Deutschland,,,,,EUR,True,,,,,"https://www.glassdoor.de/job-listing/senior-software-engineer-pricing-promotion-mfd-flink-JV_KO0,46_KE47,52.htm?jl=1010123765675"
1010035195541,Junior AI Visual Content Expert (m/f/d) with CGI Skills,home24 SE,Berlin,,,,,EUR,False,,,,,"https://www.glassdoor.de/job-listing/junior-ai-visual-content-expert-mfd-with-cgi-skills-home24-JV_IC2622109_KO0,51_KE52,58.htm?jl=1010035195541"
1010125940559,AI Training & Adoption Specialist (m/f/d),Aroundtown SA,Deutschland,,,,,EUR,False,,,,,"https://www.glassdoor.de/job-listing/ai-training-adoption-specialist-mfd-aroundtown-JV_KO0,35_KE36,46.htm?jl=1010125940559"
1010050305464,AI Knowledge & Enablement Specialist (m/f/d) in Berlin,Fieldfisher,Berlin,,,,,EUR,False,,,,,"https://www.glassdoor.de/job-listing/ai-knowledge-enablement-specialist-mfd-in-berlin-fieldfisher-JV_IC2622109_KO0,48_KE49,60.htm?jl=1010050305464"
1010038812629,Technical Founder in Residence,Knowunity GmbH,Deutschland,,,,,EUR,False,,,,,"https://www.glassdoor.de/job-listing/technical-founder-in-residence-knowunity-JV_KO0,30_KE31,40.htm?jl=1010038812629"
1010031075552,AI-Ship Autumn 2026,Boston Consulting Group,Berlin,,,,,EUR,False,,,,,"https://www.glassdoor.de/job-listing/ai-ship-autumn-2026-boston-consulting-group-JV_IC2622109_KO0,19_KE20,43.htm?jl=1010031075552"
1010106452511,AI Operations Specialist,Moss,Berlin,,,,,EUR,False,,,,,"https://www.glassdoor.de/job-listing/ai-operations-specialist-moss-JV_IC2622109_KO0,24_KE25,29.htm?jl=1010106452511"
1010094112407,Technical AI Inhouse Consultant (m/w/d),Lautsprecher Teufel GmbH,Berlin,,,,,EUR,False,,,,,"https://www.glassdoor.de/job-listing/technical-ai-inhouse-consultant-mwd-lautsprecher-teufel-JV_IC2622109_KO0,35_KE36,55.htm?jl=1010094112407"
1010030720330,Product Manager (f/m/d) - AI,smartclip Europe GmbH,Berlin,,,,,EUR,False,,,,,"https://www.glassdoor.de/job-listing/product-manager-fmd-ai-smartclip-JV_IC2622109_KO0,22_KE23,32.htm?jl=1010030720330"
1010109893219,Technical AI Inhouse Consultant (m/w/d),Lautsprecher Teufel GmbH,Berlin,,,,,EUR,False,,,,,"https://www.glassdoor.de/job-listing/technical-ai-inhouse-consultant-mwd-lautsprecher-teufel-JV_IC2622109_KO0,35_KE36,55.htm?jl=1010109893219"
1010107905375,AI Enablement (f/m/d),Upvest,Berlin,,,,,EUR,False,,,,,"https://www.glassdoor.de/job-listing/ai-enablement-fmd-upvest-JV_IC2622109_KO0,17_KE18,24.htm?jl=1010107905375"
1010007434162,UI / Digital Designer - (Libra - Legal AI Assistant) (m/f/d),Wolters Kluwer,Berlin,,,,,EUR,False,,,,,"https://www.glassdoor.de/job-listing/ui-digital-designer-libra-legal-ai-assistant-mfd-wolters-kluwer-JV_IC2622109_KO0,48_KE49,63.htm?jl=1010007434162"
1010068958436,Lecturer AI Robotics (m/f/d),IU Internationale Hochschule,Berlin,,,,,EUR,False,,,,,"https://www.glassdoor.de/job-listing/lecturer-ai-robotics-mfd-iu-internationale-hochschule-JV_IC2622109_KO0,24_KE25,53.htm?jl=1010068958436"
1010074508109,"AI Engineer – Computer Vision, AI Agents & Model Deployment (Part-Time)",YOONA Ventures GmbH,Berlin,,,,,EUR,False,,,,,"https://www.glassdoor.de/job-listing/ai-engineer-computer-vision-ai-agents-model-deployment-part-time-yoona-ventures-JV_IC2622109_KO0,64_KE65,79.htm?jl=1010074508109"
1009988828559,Creative Gen AI Specialist,Almedia,Berlin,,,,,EUR,False,,,,,"https://www.glassdoor.de/job-listing/creative-gen-ai-specialist-almedia-JV_IC2622109_KO0,26_KE27,34.htm?jl=1009988828559"
1010084184417,Behavioral AI Transformation Consultant (all genders),EXXETA,Berlin,,,,,EUR,False,,,,,"https://www.glassdoor.de/job-listing/behavioral-ai-transformation-consultant-all-genders-exxeta-JV_IC2622109_KO0,51_KE52,58.htm?jl=1010084184417"
1010097193419,AI Inhouse Consultant (f/m/d),Upvest,Berlin,,,,,EUR,False,,,,,"https://www.glassdoor.de/job-listing/ai-inhouse-consultant-fmd-upvest-JV_IC2622109_KO0,25_KE26,32.htm?jl=1010097193419"
1010072690325,AI / ML ENGINEER (M/W/D) | MACHINE LEARNING & GENAI IN DER PRAXIS,"Hybrid, München",Berlin,,,,,EUR,False,,,,,"https://www.glassdoor.de/job-listing/ai-ml-engineer-mwd-machine-learning-genai-in-der-praxis-reply-JV_IC2622109_KO0,55_KE56,61.htm?jl=1010072690325"
1010109477405,AI Engineer (m/f/d) - Graduate Program,Holtzbrinck,Berlin,,,,,EUR,False,,,,,"https://www.glassdoor.de/job-listing/ai-engineer-mfd-graduate-program-holtzbrinck-publishing-group-JV_IC2622109_KO0,32_KE33,61.htm?jl=1010109477405"
1010104314355,Fellow - Tech & AI (m/w/d),McKinsey & Company,Berlin,,,,,EUR,False,,,,,"https://www.glassdoor.de/job-listing/fellow-tech-ai-mwd-mckinsey-company-JV_IC2622109_KO0,18_KE19,35.htm?jl=1010104314355"
1010117487865,Junior AI / Data Engineer (m/f/d),DCMN,Berlin,,,,,EUR,False,,,,,"https://www.glassdoor.de/job-listing/junior-ai-data-engineer-mfd-dcmn-JV_IC2622109_KO0,27_KE28,32.htm?jl=1010117487865"
1010109269277,AI Engineer (m/f/d) - Graduate Program,Holtzbrinck,Berlin,,,,,EUR,False,,,,,"https://www.glassdoor.de/job-listing/ai-engineer-mfd-graduate-program-holtzbrinck-publishing-group-JV_IC2622109_KO0,32_KE33,61.htm?jl=1010109269277"
1010110546619,Junior AI & Data Consultant (m/w/d),Artefact,Berlin,,,,,EUR,False,,,,,"https://www.glassdoor.de/job-listing/junior-ai-data-consultant-mwd-artefact-JV_IC2622109_KO0,29_KE30,38.htm?jl=1010110546619"
1010116682562,Studentische*r Mitarbeiter*in (m/w/d): Impact AI,Alexander von Humboldt Institut für Internet und Gesellschaft gGmbH,Berlin,,,,,EUR,False,,,,,"https://www.glassdoor.de/job-listing/studentische-r-mitarbeiter-in-mwd-impact-ai-alexander-von-humboldt-institut-für-internet-und-gesellschaft-JV_IC2622109_KO0,43_KE44,105.htm?jl=1010116682562"
1010100371442,AI Enablement Manager,Talon.One GmbH,Berlin,,,,,EUR,False,,,,,"https://www.glassdoor.de/job-listing/ai-enablement-manager-talon-one-JV_IC2622109_KO0,21_KE22,31.htm?jl=1010100371442"
1010106452777,AI/ML Engineer,Careerswift,Berlin,,,,,EUR,False,,,,,"https://www.glassdoor.de/job-listing/ai-ml-engineer-careerswift-JV_IC2622109_KO0,14_KE15,26.htm?jl=1010106452777"
1009207574119,"Praktikant für Abschlussarbeiten - Entwicklung, AI in Berlin und Schiffweiler (m/w/d)",ADDIPOS GmbH,Berlin,,,,,EUR,False,,,,,"https://www.glassdoor.de/job-listing/praktikant-für-abschlussarbeiten-entwicklung-ai-in-berlin-und-schiffweiler-mwd-addipos-gmbh-JV_IC2622109_KO0,78_KE79,91.htm?jl=1009207574119"
1010123395105,Interpreter (English/German) - AI Trainer,DataAnnotation,Deutschland,,,,,EUR,False,,,,,"https://www.glassdoor.de/job-listing/interpreter-english-german-ai-trainer-dataannotation-JV_KO0,37_KE38,52.htm?jl=1010123395105"
1010127853394,Quereinsteiger (m/w/d) AI Cyber Security,MSIT GmbH,Deutschland,,,,,EUR,True,,,,,"https://www.glassdoor.de/job-listing/quereinsteiger-mwd-ai-cyber-security-msit-JV_KO0,36_KE37,41.htm?jl=1010127853394"
1010020389920,Senior Software Engineer - Web (m/f/d),Flink,Berlin,,,,,EUR,True,,,,,"https://www.glassdoor.de/job-listing/senior-software-engineer-web-mfd-flink-JV_IC2622109_KO0,32_KE33,38.htm?jl=1010020389920"
1010118089116,Agentic AI Copilot (Studio) / Power-Platform Expert (w/m/x),Avanade,Berlin,,,,,EUR,False,,,,,"https://www.glassdoor.de/job-listing/agentic-ai-copilot-studio-power-platform-expert-wmx-avanade-JV_IC2622109_KO0,51_KE52,59.htm?jl=1010118089116"
1010005786733,ABSCHLUSSARBEIT BACHELOR/MASTER – E-COMMERCE & AI (M/W/D),"Berlin, München, Frankfurt, deutschlandweit, Hybrid, Düsseldorf, Hamburg, Köln, Gütersloh",Berlin,,,,,EUR,False,,,,,"https://www.glassdoor.de/job-listing/abschlussarbeit-bachelor-master-e-commerce-ai-mwd-reply-JV_IC2622109_KO0,49_KE50,55.htm?jl=1010005786733"
1009883427466,Don't see your dream role? Convince us to create it.,Knowunity GmbH,Berlin,,,,,EUR,False,,,,,"https://www.glassdoor.de/job-listing/don-t-see-your-dream-role-convince-us-to-create-it-knowunity-JV_IC2622109_KO0,50_KE51,60.htm?jl=1009883427466"
1010095246426,Working Student AI Engineering (m/w/d),Sprengnetter GmbH,Berlin,,,,,EUR,False,,,,,"https://www.glassdoor.de/job-listing/working-student-ai-engineering-mwd-sprengnetter-JV_IC2622109_KO0,34_KE35,47.htm?jl=1010095246426"
1010107931766,Working Student (f/m/d) Data Analytics & AI in Procurement,Siemens Energy,Berlin,,,,,EUR,False,,,,,"https://www.glassdoor.de/job-listing/working-student-fmd-data-analytics-ai-in-procurement-siemens-energy-JV_IC2622109_KO0,52_KE53,67.htm?jl=1010107931766"
1010057079830,"Werkstudent Founders Associate - Strategie, AI & Company Building (w/m/d) Berlin",scaleon GmbH,Deutschland,,,,,EUR,False,,,,,"https://www.glassdoor.de/job-listing/werkstudent-founders-associate-strategie-ai-company-building-wmd-berlin-scaleon-germany-JV_KO0,71_KE72,87.htm?jl=1010057079830"
1009975515121,AI Engineer (w/m/x) Germany,Avanade,Berlin,,,,,EUR,False,,,,,"https://www.glassdoor.de/job-listing/ai-engineer-wmx-germany-avanade-JV_IC2622109_KO0,23_KE24,31.htm?jl=1009975515121"
1010124135016,Data & AI Consultant (m/w/d),Forte,Deutschland,,,,,EUR,False,,,,,"https://www.glassdoor.de/job-listing/data-ai-consultant-mwd-avi-systems-JV_KO0,22_KE23,34.htm?jl=1010124135016"
1010125379510,AI Delivery Lead,Abacus Medicine Group,Deutschland,,,,,EUR,False,,,,,"https://www.glassdoor.de/job-listing/ai-delivery-lead-abacus-medicine-JV_KO0,16_KE17,32.htm?jl=1010125379510"
1009885629510,AI Operations Associate,telli,Berlin,,,,,EUR,False,,,,,"https://www.glassdoor.de/job-listing/ai-operations-associate-telli-JV_IC2622109_KO0,23_KE24,29.htm?jl=1009885629510"
1010099025918,AI Game Production Strategist - Hole.io (1-month contract),Voodoo,Berlin,,,,,EUR,False,,,,,"https://www.glassdoor.de/job-listing/ai-game-production-strategist-hole-io-1-month-contract-voodoo-JV_IC2622109_KO0,54_KE55,61.htm?jl=1010099025918"
1010122913365,Product Manager AI Products (European Innovation Programs) (f/m/d),SAP,Deutschland,,,,,EUR,False,,,,,"https://www.glassdoor.de/job-listing/product-manager-ai-products-european-innovation-programs-fmd-sap-JV_KO0,60_KE61,64.htm?jl=1010122913365"
1010084173855,Director AI Transformation (m/w/d),secunet Security Networks AG,Berlin,,,,,EUR,False,,,,,"https://www.glassdoor.de/job-listing/director-ai-transformation-mwd-secunet-JV_IC2622109_KO0,30_KE31,38.htm?jl=1010084173855"
1010079034615,AI Automation Engineer (m/f/d),praxipal,Deutschland,,,,,EUR,False,,,,,"https://www.glassdoor.de/job-listing/ai-automation-engineer-mfd-praxipal-JV_KO0,26_KE27,35.htm?jl=1010079034615"
1010088197150,(Junior) AI Strategist & Product Consultant (all genders),EXXETA,Berlin,,,,,EUR,False,,,,,"https://www.glassdoor.de/job-listing/junior-ai-strategist-product-consultant-all-genders-exxeta-JV_IC2622109_KO0,51_KE52,58.htm?jl=1010088197150"
1010124875745,AI Solutions Engineer (m/f/d),Aroundtown SA,Deutschland,,,,,EUR,False,,,,,"https://www.glassdoor.de/job-listing/ai-solutions-engineer-mfd-aroundtown-JV_KO0,25_KE26,36.htm?jl=1010124875745"
1009930612018,AI Delivery Manager,Synthflow AI,Berlin,,,,,EUR,False,,,,,"https://www.glassdoor.de/job-listing/ai-delivery-manager-synthflow-ai-JV_IC2622109_KO0,19_KE20,32.htm?jl=1009930612018"
1009915079495,Wissenschaftlicher Mitarbeiter AI Lehrgänge (w/m/d),Kienbaum Consultants International GmbH,Berlin,,,,,EUR,False,,,,,"https://www.glassdoor.de/job-listing/wissenschaftlicher-mitarbeiter-ai-lehrgänge-wmd-kienbaum-JV_IC2622109_KO0,47_KE48,56.htm?jl=1009915079495"
1009895282376,Praktikum - AI Center of Excellence (w/m/d),KPMG,Berlin,,,,,EUR,False,,,,,"https://www.glassdoor.de/job-listing/praktikum-ai-center-of-excellence-wmd-kpmg-JV_IC2622109_KO0,37_KE38,42.htm?jl=1009895282376"
1010013941651,AI Data Apps Lead,Sonova,Berlin,,,,,EUR,False,,,,,"https://www.glassdoor.de/job-listing/ai-data-apps-lead-sonova-JV_IC2622109_KO0,17_KE18,24.htm?jl=1010013941651"
1010127761715,Applied AI Engineering Intern,Limetax,Deutschland,,,,,EUR,True,,,,,"https://www.glassdoor.de/job-listing/applied-ai-engineering-intern-limetax-JV_KO0,29_KE30,37.htm?jl=1010127761715"
1010123585293,AI Product Manager (m/f/x),Cortea AI,Deutschland,,,,,EUR,True,,,,,"https://www.glassdoor.de/job-listing/ai-product-manager-mfx-cortea-ai-JV_KO0,22_KE23,32.htm?jl=1010123585293"
1010124336002,AI Solutions Lead,Tibber,Deutschland,,,,,EUR,False,,,,,"https://www.glassdoor.de/job-listing/ai-solutions-lead-tibber-JV_KO0,17_KE18,24.htm?jl=1010124336002"
1010110890173,Arabic - Fluent Speakers - AI Training - Germany,Prolific Academic Ltd,Berlin,,,,,EUR,True,,,,,"https://www.glassdoor.de/job-listing/arabic-fluent-speakers-ai-training-germany-prolific-JV_IC2622109_KO0,42_KE43,51.htm?jl=1010110890173"
1010078819403,AI Tech Consultant (w/m/d),Materna Information & Communications SE,Deutschland,,,,,EUR,False,,,,,"https://www.glassdoor.de/job-listing/ai-tech-consultant-wmd-materna-information-communications-se-JV_KO0,22_KE23,60.htm?jl=1010078819403"
1010116952421,Associate Director of Engineering - Revenue Tech (m/f/d),Flink,Berlin,,,,,EUR,True,,,,,"https://www.glassdoor.de/job-listing/associate-director-of-engineering-revenue-tech-mfd-flink-JV_IC2622109_KO0,50_KE51,56.htm?jl=1010116952421"
1010006222386,AI Full Stack Engineer,Almedia,Berlin,,,,,EUR,False,,,,,"https://www.glassdoor.de/job-listing/ai-full-stack-engineer-almedia-JV_IC2622109_KO0,22_KE23,30.htm?jl=1010006222386"
1009965954042,(All levels) Tech & Data Strategy Consultant (f/m/d),Trakken GmbH,Berlin,,,,,EUR,False,,,,,"https://www.glassdoor.de/job-listing/all-levels-tech-data-strategy-consultant-fmd-trakken-web-services-JV_IC2622109_KO0,44_KE45,65.htm?jl=1009965954042"
1010069024667,(JUNIOR) AI APPLICATION ENGINEER || AI PRODUCTS LLM & RAG (M/W/D),Frankfurt,Berlin,,,,,EUR,False,,,,,"https://www.glassdoor.de/job-listing/junior-ai-application-engineer-ai-products-llm-rag-mwd-reply-JV_IC2622109_KO0,54_KE55,60.htm?jl=1010069024667"
1009819491971,AI Operations - Intern,telli,Berlin,,,,,EUR,False,,,,,"https://www.glassdoor.de/job-listing/ai-operations-intern-telli-JV_IC2622109_KO0,20_KE21,26.htm?jl=1009819491971"
1010115717543,AI Engineer (m/f/d),Raisin,Berlin,,,,,EUR,True,,,,,"https://www.glassdoor.de/job-listing/ai-engineer-mfd-raisin-JV_IC2622109_KO0,15_KE16,22.htm?jl=1010115717543"
1010063780250,AI Specialist - Engineering und Data Science (w/m/d),KPMG,Berlin,,,,,EUR,False,,,,,"https://www.glassdoor.de/job-listing/ai-specialist-engineering-und-data-science-wmd-kpmg-JV_IC2622109_KO0,46_KE47,51.htm?jl=1010063780250"
1010029220698,Lehrbeauftragte:r für das Master-Modul „Generative AI und Prompt Engineering“ gesucht,Media University of Applied Sciences,Berlin,,,,,EUR,False,,,,,"https://www.glassdoor.de/job-listing/lehrbeauftragte-r-für-das-master-modul-generative-ai-und-prompt-engineering-gesucht-media-university-of-applied-sciences-JV_IC2622109_KO0,83_KE84,120.htm?jl=1010029220698"
1009089435811,AI Media Engineer (m/w/x),Doopic GmbH,Berlin,,,,,EUR,False,,,,,"https://www.glassdoor.de/job-listing/ai-media-engineer-mwx-doopic-JV_IC2622109_KO0,21_KE22,28.htm?jl=1009089435811"
1010028911781,AI Engineer,Reflow,Berlin,,,,,EUR,True,,,,,"https://www.glassdoor.de/job-listing/ai-engineer-reflow-JV_IC2622109_KO0,11_KE12,18.htm?jl=1010028911781"
1010072917884,AI Consultant (w/m/d),Capgemini,Berlin,,,,,EUR,False,,,,,"https://www.glassdoor.de/job-listing/ai-consultant-wmd-capgemini-JV_IC2622109_KO0,17_KE18,27.htm?jl=1010072917884"
1009974808523,Freelance AI Engineer/Builder – New Product PoC,HeyJobs,Berlin,,,,,EUR,False,,,,,"https://www.glassdoor.de/job-listing/freelance-ai-engineer-builder-new-product-poc-heyjobs-JV_IC2622109_KO0,45_KE46,53.htm?jl=1009974808523"
1010124018529,Foundation and generative models for biomolecules,Inceptive,Deutschland,,,,,EUR,False,,,,,"https://www.glassdoor.de/job-listing/foundation-and-generative-models-for-biomolecules-inceptive-JV_KO0,49_KE50,59.htm?jl=1010124018529"
1010110933882,AI Engineer (m/w/d),DEMECAN,Berlin,,,,,EUR,False,,,,,"https://www.glassdoor.de/job-listing/ai-engineer-mwd-demecan-holding-JV_IC2622109_KO0,15_KE16,31.htm?jl=1010110933882"
1010042761813,AI Operations Associate (Onboarding / Agents),telli,Berlin,,,,,EUR,False,,,,,"https://www.glassdoor.de/job-listing/ai-operations-associate-onboarding-agents-telli-JV_IC2622109_KO0,41_KE42,47.htm?jl=1010042761813"
1010061261862,Applied AI Engineer (m/f/d),Shopware,Berlin,,,,,EUR,False,,,,,"https://www.glassdoor.de/job-listing/applied-ai-engineer-mfd-shopware-JV_IC2622109_KO0,23_KE24,32.htm?jl=1010061261862"
1009269059964,Senior Consultant AI & Data Public Sector (m/w/d),Materna Information & Communications SE,Berlin,,,,,EUR,False,,,,,"https://www.glassdoor.de/job-listing/senior-consultant-ai-data-public-sector-mwd-materna-information-communications-se-JV_IC2622109_KO0,43_KE44,81.htm?jl=1009269059964"
1010023178386,AI Software Engineer (m/f/d),Fieldfisher,Berlin,,,,,EUR,False,,,,,"https://www.glassdoor.de/job-listing/ai-software-engineer-mfd-fieldfisher-JV_IC2622109_KO0,24_KE25,36.htm?jl=1010023178386"
1009843897267,AI Expert - Engineering and Data Science (w/m/d),KPMG,Berlin,,,,,EUR,False,,,,,"https://www.glassdoor.de/job-listing/ai-expert-engineering-and-data-science-wmd-kpmg-JV_IC2622109_KO0,42_KE43,47.htm?jl=1009843897267"
1010079670319,Secure AI Architect(Purview) - German OR Portuguese (m/f/d),Concentrix,Deutschland,,,,,EUR,False,,,,,"https://www.glassdoor.de/job-listing/secure-ai-architect-purview-german-or-portuguese-mfd-concentrix-JV_KO0,52_KE53,63.htm?jl=1010079670319"
1010070386715,Operations Associate (at Merantix AI Campus),Merantix,Berlin,,,,,EUR,True,,,,,"https://www.glassdoor.de/job-listing/operations-associate-at-merantix-ai-campus-merantix-JV_IC2622109_KO0,42_KE43,51.htm?jl=1010070386715"
1009994985026,AI ENGINEER (M/W/D),"Berlin, München",Berlin,,,,,EUR,False,,,,,"https://www.glassdoor.de/job-listing/ai-engineer-mwd-reply-JV_IC2622109_KO0,15_KE16,21.htm?jl=1009994985026"
1010089385157,Privacy & AI Analyst,Perk,Berlin,,,,,EUR,False,,,,,"https://www.glassdoor.de/job-listing/privacy-ai-analyst-travelperk-JV_IC2622109_KO0,18_KE19,29.htm?jl=1010089385157"
1009928645859,AI Engineer (all genders),ellamind,Berlin,,,,,EUR,False,,,,,"https://www.glassdoor.de/job-listing/ai-engineer-all-genders-ellamind-JV_IC2622109_KO0,23_KE24,32.htm?jl=1009928645859"
1010062491443,(Associate) Consultant (m/w/d) AI & Data Strategy,Capgemini,Deutschland,,,,,EUR,False,,,,,"https://www.glassdoor.de/job-listing/associate-consultant-mwd-ai-data-strategy-capgemini-JV_KO0,41_KE42,51.htm?jl=1010062491443"
1010082148208,JUNIOR AI / CLOUD ENGINEER (M/W/D) – ABSOLVENT:INNEN WILLKOMMEN!,"Berlin, München, Hybrid",Berlin,,,,,EUR,False,,,,,"https://www.glassdoor.de/job-listing/junior-ai-cloud-engineer-mwd-absolvent-innen-willkommen-reply-JV_IC2622109_KO0,55_KE56,61.htm?jl=1010082148208"
1010122587271,Senior Assortment & Pricing Analyst (m/f/d),Flink,Deutschland,,,,,EUR,True,,,,,"https://www.glassdoor.de/job-listing/senior-assortment-pricing-analyst-mfd-flink-JV_KO0,37_KE38,43.htm?jl=1010122587271"
1009996057589,AI & Machine Learning Engineer (all genders),msg systems ag,Berlin,,,,,EUR,False,,,,,"https://www.glassdoor.de/job-listing/ai-machine-learning-engineer-all-genders-msg-global-solutions-JV_IC2622109_KO0,40_KE41,61.htm?jl=1009996057589"
1009883426543,AI Engineer,Knowunity GmbH,Berlin,,,,,EUR,False,,,,,"https://www.glassdoor.de/job-listing/ai-engineer-knowunity-JV_IC2622109_KO0,11_KE12,21.htm?jl=1009883426543"
1010103291210,Praktikum als Fellow Intern - Tech & AI (m/w/d),McKinsey & Company,Berlin,,,,,EUR,False,,,,,"https://www.glassdoor.de/job-listing/praktikum-als-fellow-intern-tech-ai-mwd-mckinsey-company-JV_IC2622109_KO0,39_KE40,56.htm?jl=1010103291210"
1009756572637,"SENIOR AI, PERSONALISATION & CRO CONSULTANT (M/W/D)","Hamburg, Köln, München, Berlin, Hybrid",Berlin,,,,,EUR,False,,,,,"https://www.glassdoor.de/job-listing/senior-ai-personalisation-cro-consultant-mwd-reply-JV_IC2622109_KO0,44_KE45,50.htm?jl=1009756572637"
1010062480773,(Associate) Consultant Data Science & AI (m/w/d),Capgemini,Deutschland,,,,,EUR,False,,,,,"https://www.glassdoor.de/job-listing/associate-consultant-data-science-ai-mwd-capgemini-JV_KO0,40_KE41,50.htm?jl=1010062480773"
1010118417604,Site Digital Application & AI Governance Leader,Procter & Gamble,Deutschland,,,,,EUR,False,,,,,"https://www.glassdoor.de/job-listing/site-digital-application-ai-governance-leader-procter-gamble-JV_KO0,45_KE46,60.htm?jl=1010118417604"
1010124573642,AI Business Analyst (m/f/d),Aroundtown SA,Deutschland,,,,,EUR,False,,,,,"https://www.glassdoor.de/job-listing/ai-business-analyst-mfd-aroundtown-JV_KO0,23_KE24,34.htm?jl=1010124573642"
1010072690310,PROCESS MANAGER FÜR KI-GESTÜTZTE PROZESSOPTIMIERUNG (M/W/D),"Berlin, Düsseldorf, Hamburg, Köln, Hybrid, München",Berlin,,,,,EUR,False,,,,,"https://www.glassdoor.de/job-listing/process-manager-für-ki-gestützte-prozessoptimierung-mwd-reply-JV_IC2622109_KO0,55_KE56,61.htm?jl=1010072690310"
1010053936023,AI Visual Artist,Paintgun,Berlin,,,,,EUR,True,,,,,"https://www.glassdoor.de/job-listing/ai-visual-artist-paintgun-JV_IC2622109_KO0,16_KE17,25.htm?jl=1010053936023"
1010115935823,Head of Product Innovation & Strategy (m/f/d),Lautsprecher Teufel GmbH,Berlin,,,,,EUR,False,,,,,"https://www.glassdoor.de/job-listing/head-of-product-innovation-strategy-mfd-lautsprecher-teufel-JV_IC2622109_KO0,39_KE40,59.htm?jl=1010115935823"
1009913001163,Senior Software Engineer – Secure AI Infrastructure,Edgeless Systems,Berlin,,,,,EUR,False,,,,,"https://www.glassdoor.de/job-listing/senior-software-engineer-secure-ai-infrastructure-edgeless-systems-JV_IC2622109_KO0,49_KE50,66.htm?jl=1009913001163"
1010072656742,Data Analytics/AI Consultant (m/f/d),"EPAM Systems, Inc.",Berlin,,,,,EUR,False,,,,,"https://www.glassdoor.de/job-listing/data-analytics-ai-consultant-mfd-epam-systems-JV_IC2622109_KO0,32_KE33,45.htm?jl=1010072656742"
1010096756806,Praktikum als Associate Intern – Tech & AI (m/w/d),McKinsey & Company,Berlin,,,,,EUR,False,,,,,"https://www.glassdoor.de/job-listing/praktikum-als-associate-intern-tech-ai-mwd-mckinsey-company-JV_IC2622109_KO0,42_KE43,59.htm?jl=1010096756806"
1009975487960,581 – AI Translation Quality Reviewer,wynwood tech LLC,Berlin,,,,,EUR,True,,,,,"https://www.glassdoor.de/job-listing/581-ai-translation-quality-reviewer-wynwood-JV_IC2622109_KO0,35_KE36,43.htm?jl=1009975487960"
1010065647657,Copilot AI Security Consultant (M/F/D),Concentrix,Deutschland,,,,,EUR,False,,,,,"https://www.glassdoor.de/job-listing/copilot-ai-security-consultant-mfd-concentrix-JV_KO0,34_KE35,45.htm?jl=1010065647657"
1010104631425,Senior Strategy Advisor:in AI (all genders),gematik GmbH,Berlin,,,,,EUR,False,,,,,"https://www.glassdoor.de/job-listing/senior-strategy-advisor-in-ai-all-genders-gematik-JV_IC2622109_KO0,41_KE42,49.htm?jl=1010104631425"
1009321924458,Founding Mobile Engineer,Almedia,Berlin,,,,,EUR,False,,,,,"https://www.glassdoor.de/job-listing/founding-mobile-engineer-almedia-JV_IC2622109_KO0,24_KE25,32.htm?jl=1009321924458"
1010124662384,Product Owner - Data & AI Plattform - STACKIT (m/w/d),Schwarz Digits KG,Berlin,,,,,EUR,False,,,,,"https://www.glassdoor.de/job-listing/product-owner-data-ai-plattform-stackit-mwd-schwarz-digits-kg-JV_IC2622109_KO0,43_KE44,61.htm?jl=1010124662384"
1010110744102,German - Fluent Speakers - AI Training - Germany,Prolific Academic Ltd,Berlin,,,,,EUR,True,,,,,"https://www.glassdoor.de/job-listing/german-fluent-speakers-ai-training-germany-prolific-JV_IC2622109_KO0,42_KE43,51.htm?jl=1010110744102"
1010060647535,Technical Gen AI Solutions Consultant (w/m/d),Capgemini,Deutschland,,,,,EUR,False,,,,,"https://www.glassdoor.de/job-listing/technical-gen-ai-solutions-consultant-wmd-capgemini-JV_KO0,41_KE42,51.htm?jl=1010060647535"
1010116855241,Content Creator,Almedia,Berlin,,,,,EUR,False,,,,,"https://www.glassdoor.de/job-listing/content-creator-almedia-JV_IC2622109_KO0,15_KE16,23.htm?jl=1010116855241"
1010122754790,Digital Redakteur Content & KI (m/w/d),Deutscher Sparkassen Verlag GmbH,Deutschland,,,,,EUR,False,,,,,"https://www.glassdoor.de/job-listing/digital-redakteur-content-ki-mwd-dsv-gruppe-JV_KO0,32_KE33,43.htm?jl=1010122754790"
1009445440933,"Program Manager for Academics, NYU Berlin",New York University,Berlin,,,,,EUR,False,,,,,"https://www.glassdoor.de/job-listing/program-manager-for-academics-nyu-berlin-nyu-new-york-university-JV_IC2622109_KO0,40_KE41,64.htm?jl=1009445440933"
1010058611480,Marketing Automation Consultant - AI Trainer - Freelance - 8-20 hrs/week - Remote,10x Team,Berlin,,,,,EUR,True,,,,,"https://www.glassdoor.de/job-listing/marketing-automation-consultant-ai-trainer-freelance-8-20-hrs-week-remote-10x-team-JV_IC2622109_KO0,73_KE74,82.htm?jl=1010058611480"
1010102978640,Market Analyst - AI Trainer - Freelance - 8-20 hrs/week - Remote,10x Team,Berlin,,,,,EUR,True,,,,,"https://www.glassdoor.de/job-listing/market-analyst-ai-trainer-freelance-8-20-hrs-week-remote-10x-team-JV_IC2622109_KO0,56_KE57,65.htm?jl=1010102978640"
1010007576557,UI / Digital Designer - (Libra - Legal AI Assistant) (m/f/d),Wolters Kluwer,Berlin,,,,,EUR,False,,,,,"https://www.glassdoor.de/job-listing/ui-digital-designer-libra-legal-ai-assistant-mfd-wolters-kluwer-JV_IC2622109_KO0,48_KE49,63.htm?jl=1010007576557"
1010079047689,Product Manager - App Onlineshop (m/w/d),Schwarz Digits,Berlin,,,,,EUR,False,,,,,"https://www.glassdoor.de/job-listing/product-manager-app-onlineshop-mwd-schwarz-digits-JV_IC2622109_KO0,34_KE35,49.htm?jl=1010079047689"
1010072637497,Working Student Operational Intelligence & Automation,Flink,Berlin,,,,,EUR,True,,,,,"https://www.glassdoor.de/job-listing/working-student-operational-intelligence-automation-flink-JV_IC2622109_KO0,51_KE52,57.htm?jl=1010072637497"
1010031967473,PROJEKTMANAGER (M/W/D) DATA & AI,München,Berlin,,,,,EUR,False,,,,,"https://www.glassdoor.de/job-listing/projektmanager-mwd-data-ai-reply-JV_IC2622109_KO0,26_KE27,32.htm?jl=1010031967473"
1009876702511,Working Student for Voice Assistant Automation (all genders) – in Berlin,MBition GmbH,Berlin,,,,,EUR,False,,,,,"https://www.glassdoor.de/job-listing/working-student-for-voice-assistant-automation-all-genders-in-berlin-mbition-JV_IC2622109_KO0,68_KE69,76.htm?jl=1009876702511"
1010044905862,Media Intelligence Analyst (m/w/d) in Voll- oder Teilzeit,pressrelations GmbH,Deutschland,,,,,EUR,False,,,,,"https://www.glassdoor.de/job-listing/media-intelligence-analyst-mwd-in-voll-oder-teilzeit-pressrelations-JV_KO0,52_KE53,67.htm?jl=1010044905862"
1010057716901,Supply Chain Manager - AI Trainer - Freelance - 8-20 hrs/week - Remote,10x Team,Berlin,,,,,EUR,True,,,,,"https://www.glassdoor.de/job-listing/supply-chain-manager-ai-trainer-freelance-8-20-hrs-week-remote-10x-team-JV_IC2622109_KO0,62_KE63,71.htm?jl=1010057716901"
1010089709776,Native Bulgarian Speakers for AI Training,"Lifted, an Upwork Company™",Berlin,,,,,EUR,True,,,,,"https://www.glassdoor.de/job-listing/native-bulgarian-speakers-for-ai-training-lifted-an-upwork-company-JV_IC2622109_KO0,41_KE42,66.htm?jl=1010089709776"
1010115892952,"Chief of Staff, Strategy & AI Enablement",Andercore,Berlin,,,,,EUR,False,,,,,"https://www.glassdoor.de/job-listing/chief-of-staff-strategy-ai-enablement-andercore-JV_IC2622109_KO0,37_KE38,47.htm?jl=1010115892952"
1010008516923,Senior AI Product Engineer (m/f/d),Voyfai,Berlin,,,,,EUR,False,,,,,"https://www.glassdoor.de/job-listing/senior-ai-product-engineer-mfd-voyfai-JV_IC2622109_KO0,30_KE31,37.htm?jl=1010008516923"
1010115873114,AI Engineer / Data Scientist (mwd) – Machine Learning & Generative AI,HMS Analytical Software GmbH,Berlin,,,,,EUR,False,,,,,"https://www.glassdoor.de/job-listing/ai-engineer-data-scientist-mwd-machine-learning-generative-ai-hms-analytical-software-JV_IC2622109_KO0,61_KE62,85.htm?jl=1010115873114"
1010057367550,Naturwissenschaftler / Mathematiker (m/w/d) als Quereinsteiger in die IT-Beratung - Quereinstieg als IT-Consultant (m/w/d),PTA GmbH,Berlin,,,,,EUR,False,,,,,"https://www.glassdoor.de/job-listing/naturwissenschaftler-mathematiker-mwd-als-quereinsteiger-in-die-it-beratung-quereinstieg-als-it-consultant-mwd-process-technology-application-JV_IC2622109_KO0,110_KE111,141.htm?jl=1010057367550"
1010062664936,(Associate) Consultant AI Data Strategy & Foundation (m/w/d),Capgemini,Deutschland,,,,,EUR,False,,,,,"https://www.glassdoor.de/job-listing/associate-consultant-ai-data-strategy-foundation-mwd-capgemini-JV_KO0,52_KE53,62.htm?jl=1010062664936"
1009957713844,Implementation Specialist (m/w/d) Agentic AI,Cornelsen,Berlin,,,,,EUR,False,,,,,"https://www.glassdoor.de/job-listing/implementation-specialist-mwd-agentic-ai-cornelsen-verlag-JV_IC2622109_KO0,40_KE41,57.htm?jl=1009957713844"
1010092855968,AI Systems Engineer,Platform Engineering Masters,Berlin,,,,,EUR,False,,,,,"https://www.glassdoor.de/job-listing/ai-systems-engineer-platform-engineering-masters-JV_IC2622109_KO0,19_KE20,48.htm?jl=1010092855968"
1010123620818,Working Student Knowledge Management (all genders),Berghof Foundation Operations gGmbH,Deutschland,,,,,EUR,True,,,,,"https://www.glassdoor.de/job-listing/working-student-knowledge-management-all-genders-berghof-foundation-operations-JV_KO0,48_KE49,78.htm?jl=1010123620818"
1010093308667,Senior Talent Partner - DeepTech/AI,Chapter 2,Berlin,,,,,EUR,False,,,,,"https://www.glassdoor.de/job-listing/senior-talent-partner-deeptech-ai-chapter-2-united-kingdom-JV_IC2622109_KO0,33_KE34,58.htm?jl=1010093308667"
1010120917618,Data Operations Analyst (m/f/d),adsquare GmbH,Berlin,,,,,EUR,False,,,,,"https://www.glassdoor.de/job-listing/data-operations-analyst-mfd-adsquare-JV_IC2622109_KO0,27_KE28,36.htm?jl=1010120917618"
1010083883620,"Go-to-Market AI & Data (SaaS, Greentech) (m/f/d)",Reonic GmbH,Deutschland,,,,,EUR,False,,,,,"https://www.glassdoor.de/job-listing/go-to-market-ai-data-saas-greentech-mfd-reonic-gmbh-JV_KO0,39_KE40,51.htm?jl=1010083883620"
1010061095632,Internal AI Tools Specialist - 100% Remote - Europe,Hostaway,Berlin,,,,,EUR,True,,,,,"https://www.glassdoor.de/job-listing/internal-ai-tools-specialist-100-remote-europe-hostaway-JV_IC2622109_KO0,46_KE47,55.htm?jl=1010061095632"
1010077576562,AI Solution Consultant (m/w/d),ITS Gruppe,Deutschland,,,,,EUR,False,,,,,"https://www.glassdoor.de/job-listing/ai-solution-consultant-mwd-its-informationstechnik-service-JV_KO0,26_KE27,58.htm?jl=1010077576562"
1010056425010,Product Owner - AI & Automation,SKD SE,Berlin,,,,,EUR,False,,,,,"https://www.glassdoor.de/job-listing/product-owner-ai-automation-skd-se-JV_IC2622109_KO0,27_KE28,34.htm?jl=1010056425010"
